MULTI-W-REC-TYPE-REC,MULTI-W-REC-DIST,MUTLI-W-REC-FIELD,MULTI-W-REC-OPR,MULTI-W-REC-LEASE,MULTI-W-REC-FILLER,MULTI-W-REC-OFFSHORE,M-RECORD,TYPEW,RESER,M-COUNTY,M-TST-EFF,M-PNTR-1ST,CAP,PROD-WELL,MARG-WELL,M-DEPTH,M-PNTR-LST,M-EXC-TEST,FILLER9,M-WATER,M-REMARK,MM-PRCNT,FILLER10,M-MONTH-DATE,MM-CHG,MM-NO,MM-ALLOW,MM-ACODE,MM-TCODE,MM-LIMIT,MM-ALLOW2,MM-ACODE2,MM-TCODE2,MM-LIMIT2,MM-DATE2,MM-ALLOW3,MM-ACODE3,MM-TCODE3,MM-LIMIT3,MM-DATE3,MM-FORM-LCK,MM-SPACE1,MM-KODE2,MM-SPACE2,MM-JOHN,FILLER11,FILLER12
4,01,06469001,227627,00031,00,0,1,P,,325000,,000002,0,003000,000000,0,000004,0,00000000000,000006,,0.0,00000000000,202109,0,2,3,1,0,330,0,0,0,0,00,0,0,0,0,00,0,3,0,0,1,000000000,000000000
4,01,07850001,534219,03380,00,0,1,P,,163000,,000005,0,000000,169000,0,000298,0,00000000000,000124,,0.0,00000000000,202109,0,2,5,1,0,15744,0,0,0,0,00,0,0,0,0,00,0,26,0,0,0,000000000,000000000
4,01,15146001,036587,00177,00,0,1,P,,311000,,000299,0,007005,000000,0,000310,0,00000000000,014270,,0.0,00000000000,202109,0,2,43,1,0,682,0,0,0,0,00,0,0,0,0,00,0,41,0,0,0,000000000,000000000
4,01,17248568,427858,03269,00,0,A,P,,013000,,000311,0,006002,001000,0,000319,4,00000000000,003530,,0.0,00000000000,202109,0,2,45,1,0,1616,0,0,0,0,00,0,0,0,0,00,0,31,0,0,1,000000000,000000000
4,01,17248710,480178,03316,00,0,1,P,,013000,,000320,0,003001,001000,0,000324,0,00000000000,000370,,0.0,00000000000,202109,0,2,11,1,0,320,0,0,0,0,00,0,0,0,0,00,0,11,0,0,1,000000000,000000000
4,01,17248710,480178,03317,00,0,1,P,,013000,,000325,0,001001,000000,0,000326,0,00000000000,000060,,0.0,00000000000,202109,0,2,2,1,0,80,0,0,0,0,00,0,0,0,0,00,0,3,0,0,1,000000000,000000000
4,01,17248710,480178,03318,00,0,1,P,,013000,,000327,0,003001,000000,0,000330,0,00000000000,000099,,0.0,00000000000,202109,0,2,5,1,0,320,0,0,0,0,00,0,0,0,0,00,0,5,0,0,1,000000000,000000000
4,01,17248710,696448,03274,00,0,1,P,,013000,,000331,0,001000,000000,0,000331,0,00000000000,000070,,0.0,00000000000,202109,0,2,4,1,0,80,0,0,0,0,00,0,0,0,0,00,0,4,0,0,1,000000000,000000000
4,01,17248710,696448,03275,00,0,1,P,,013000,,000332,0,004000,005000,0,000340,0,00000000000,000150,,0.0,00000000000,202109,0,2,4,1,0,320,0,0,0,0,00,0,0,0,0,00,0,4,0,0,1,000000000,000000000
4,01,17248710,696448,03276,00,0,1,P,,013000,,000341,0,003000,011000,0,000354,0,00000000000,000114,,0.0,00000000000,202109,0,2,3,1,0,80,0,0,0,0,00,0,0,0,0,00,0,4,0,0,0,000000000,000000000
4,01,17248710,696448,03277,00,0,1,P,,013000,,000355,0,003001,001000,0,000359,0,00000000000,000320,,0.0,00000000000,202109,0,2,7,2,0,320,0,0,0,0,00,0,0,0,0,00,0,7,0,0,1,000000000,000000000
4,01,17248710,696448,03278,00,0,1,X,,013000,,000360,1,004000,009000,0,000372,0,00000000000,001040,,0.0,00000000000,202109,0,2,17,1,7,999999999,0,0,0,0,00,0,0,0,0,00,0,11,0,0,1,000000000,000000000
4,01,17248710,696448,03293,00,0,1,P,,013000,,000373,0,004000,006000,0,000382,0,00000000000,000420,,0.0,00000000000,202109,0,2,10,2,0,320,0,0,0,0,00,0,0,0,0,00,0,10,0,0,1,000000000,000000000
4,01,17248710,696448,03296,00,0,1,P,,013000,,000383,0,007000,014000,0,000403,0,00000000000,001050,,0.0,00000000000,202109,0,2,15,2,0,640,0,0,0,0,00,0,0,0,0,00,0,19,0,0,0,000000000,000000000
4,01,17248710,696448,03301,00,0,1,X,,013000,,000404,1,007000,008000,0,000418,0,00000000000,001940,,0.0,00000000000,202109,0,2,52,1,7,999999999,0,0,0,0,00,0,0,0,0,00,0,49,0,0,1,000000000,000000000
4,01,17248710,696448,03302,00,0,1,P,,013000,,000419,0,002001,000000,0,000421,0,00000000000,000380,,0.0,00000000000,202109,0,2,6,1,0,240,0,0,0,0,00,0,0,0,0,00,0,6,0,0,0,000000000,000000000
4,01,17248710,696448,03404,00,0,1,P,,013000,,000422,0,000001,001000,0,000423,0,00000000000,000000,,0.0,00000000000,202109,0,2,0,2,5,0,0,0,0,0,00,0,0,0,0,00,0,0,0,0,0,000000000,000000000
4,01,17248710,726696,03314,00,0,1,P,,013000,,000424,0,000003,000000,0,000429,0,00000000000,000000,,0.0,00000000000,202109,0,2,0,0,0,0,0,0,0,0,00,0,0,0,0,00,0,0,0,0,0,000000000,000000000
4,01,17248710,945191,03284,00,0,1,P,,013000,,000430,0,001000,000000,0,000430,0,00000000000,000012,,0.0,00000000000,202109,0,2,3,1,0,80,0,0,0,0,00,0,0,0,0,00,0,2,0,0,1,000000000,000000000
4,01,17248710,945191,03308,00,0,1,P,,013000,,000431,0,001000,000000,0,000431,0,00000000000,000013,,0.0,00000000000,202109,0,2,3,1,0,80,0,0,0,0,00,0,0,0,0,00,0,1,0,0,1,000000000,000000000
4,01,17668001,100327,02442,00,0,1,P,,325000,,000432,0,010000,000000,0,000441,0,00000000000,000005,,0.0,00000000000,202109,0,2,2,1,0,144,0,0,0,0,00,0,0,0,0,00,0,2,0,0,0,000000000,000000000
4,01,17668001,120554,02188,00,0,A,P,,325000,,000442,0,017000,000000,0,000459,0,00000000000,000000,,0.0,00000000000,202109,0,2,5,1,0,0,0,0,0,0,00,0,0,0,0,00,0,8,0,0,1,000000000,000000000
4,01,17668001,300251,00296,00,0,1,P,,325000,,000460,0,009000,000000,0,000468,0,00000000000,000000,,0.0,00000000000,202109,0,2,3,1,0,324,0,0,0,0,00,0,0,0,0,00,0,3,0,0,0,000000000,000000000
4,01,17668001,300251,02148,00,0,A,P,,325000,,000469,0,012000,000000,0,000480,0,00000000000,000000,,0.0,00000000000,202109,0,2,4,1,0,432,0,0,0,0,00,0,0,0,0,00,0,4,0,0,0,000000000,000000000
4,01,17668001,356797,02856,00,0,1,P,,325000,,000481,0,005000,000000,0,000482,0,00000000000,000000,,0.0,00000000000,202109,0,2,3,1,0,324,0,0,0,0,00,0,0,0,0,00,0,1,0,0,0,000000000,000000000
4,01,17668001,356797,03024,00,0,1,P,,325000,,000483,0,004000,000000,0,000486,0,00000000000,000000,,0.0,00000000000,202109,0,2,2,1,0,144,0,0,0,0,00,0,0,0,0,00,0,2,0,0,0,000000000,000000000
4,01,17668001,428100,03771,00,0,1,P,,325000,,000487,0,000000,000000,0,000489,0,00000000000,000000,,0.0,00000000000,202109,0,2,1,1,0,108,0,0,0,0,00,0,0,0,0,00,0,1,0,0,1,000000000,000000000
4,01,17668001,616988,02022,00,0,1,P,,325000,,000490,0,000000,000000,0,000494,0,00000000000,000001,,0.0,00000000000,202109,0,2,2,1,0,144,0,0,0,0,00,0,0,0,0,00,0,4,0,0,1,000000000,000000000
4,01,17668001,714217,00301,00,0,A,P,,325000,,000495,0,000000,008000,0,000502,0,00000000000,000000,,0.0,00000000000,202109,0,2,0,1,0,0,0,0,0,0,00,0,0,0,0,00,0,0,0,0,0,000000000,000000000
4,01,17668001,714217,00302,00,0,A,P,,325000,,000503,0,000000,011000,0,000513,0,00000000000,000000,01-20208 CREATED IN ERROR AND MOVED TO THIS UNIT.  ACRE,0.0,00000000000,202109,0,2,2,1,0,36,0,0,0,0,00,0,0,0,0,00,0,1,0,0,1,000000000,000000000
4,01,17668001,714274,00298,00,0,1,P,,325000,,000514,0,000000,012000,0,000525,0,00000000000,000000,,0.0,00000000000,202109,0,2,5,1,0,432,0,0,0,0,00,0,0,0,0,00,0,4,0,0,0,000000000,000000000
4,01,17668001,714274,00300,00,0,A,P,,325000,,000526,0,000000,011000,0,000536,0,00000000000,000000,FILE SENT TO ATTORNEY GENERAL,0.0,00000000000,202109,0,2,0,1,0,0,0,0,0,0,00,0,0,0,0,00,0,0,0,0,0,000000000,000000000
4,01,17668001,714274,00304,00,0,1,P,,325000,,000537,0,000000,007000,0,000543,0,00000000000,000000,,0.0,00000000000,202109,0,2,0,1,0,0,0,0,0,0,00,0,0,0,0,00,0,0,0,0,0,000000000,000000000
4,01,17668001,778367,02224,00,0,1,P,,325000,,000544,0,000000,011000,0,000554,0,00000000000,000000,,0.0,00000000000,202109,0,2,13,1,0,396,0,0,0,0,00,0,0,0,0,00,0,0,0,0,1,000000000,000000000
4,01,17668001,953578,03772,00,0,1,P,,325000,,000555,0,012000,000000,0,000566,0,00000000000,000000,,0.0,00000000000,202109,0,2,5,1,0,432,0,0,0,0,00,0,0,0,0,00,0,5,0,0,0,000000000,000000000
4,01,22011500,537025,00343,00,0,1,P,,013000,,000567,0,003000,000000,0,000569,0,00000000000,000120,,0.0,00000000000,202109,0,2,5,1,0,438,0,0,0,0,00,0,0,0,0,00,0,5,0,0,0,000000000,000000000
4,01,22011500,945239,00368,00,0,1,P,,013000,,000570,0,000000,005000,0,000574,0,00000000000,000000,,0.0,00000000000,202109,0,2,0,1,0,0,0,0,0,0,00,0,0,0,0,00,0,0,0,0,0,000000000,000000000
4,01,22820001,369741,04098,00,0,A,P,,055000,,000575,0,000000,002000,0,000576,0,00000000000,000008,,0.0,00000000000,202109,0,2,2,1,0,0,0,0,0,0,00,0,0,0,0,00,0,4,0,0,0,000000000,000000000
4,01,22820001,369741,04099,00,0,A,P,,055000,,000577,0,000000,012000,0,000588,0,00000000000,000032,,0.0,00000000000,202109,0,2,3,1,0,0,0,0,0,0,00,0,0,0,0,00,0,14,0,0,0,000000000,000000000
4,01,22820001,369741,04100,00,0,A,P,,055000,,000589,0,002000,000000,2,000590,0,00000000000,000004,,0.0,00000000000,202109,0,2,4,1,0,120,0,0,0,0,00,0,0,0,0,00,0,2,0,0,0,000000000,000000000
4,01,22820001,369741,04101,00,0,A,P,,055000,,000591,0,000000,003000,0,000593,0,00000000000,000016,,0.0,00000000000,202109,0,2,5,1,0,0,0,0,0,0,00,0,0,0,0,00,0,6,0,0,0,000000000,000000000
4,01,22820001,369741,04102,00,0,A,P,,055000,,000594,0,000000,017000,0,000610,0,00000000000,000057,,0.0,00000000000,202109,0,2,2,1,0,0,0,0,0,0,00,0,0,0,0,00,0,22,0,0,0,000000000,000000000
4,01,22820001,369741,04103,00,0,A,P,,055000,,000611,0,000000,008000,0,000618,0,00000000000,000026,,0.0,00000000000,202109,0,2,4,1,0,0,0,0,0,0,00,0,0,0,0,00,0,10,0,0,0,000000000,000000000
4,01,23191333,015056,02881,00,0,1,P,,187000,,000619,0,000000,008000,0,000626,0,00000000000,000000,,0.0,00000000000,202109,0,2,0,1,0,0,0,0,0,0,00,0,0,0,0,00,0,0,0,0,0,000000000,000000000
4,01,23191333,015056,03129,00,0,1,P,,187000,,000627,0,000000,005000,0,000631,0,00000000000,000000,,0.0,00000000000,202109,0,2,0,1,0,0,0,0,0,0,00,0,0,0,0,00,0,0,0,0,0,000000000,000000000
4,01,23191333,015056,03660,00,0,1,P,,187000,,000632,0,000000,001000,0,000635,0,00000000000,000000,,0.0,00000000000,202109,0,2,0,1,0,0,0,0,0,0,00,0,0,0,0,00,0,0,0,0,0,000000000,000000000
4,01,23191333,147113,02732,00,0,1,P,,187000,,000636,0,010000,000000,0,000645,0,00000000000,000046,,0.0,00000000000,202109,0,2,5,1,0,540,0,0,0,0,00,0,0,0,0,00,0,14,0,0,0,000000000,000000000
4,01,23191333,147113,02733,00,0,1,P,,187000,,000646,0,000000,010000,0,000655,0,00000000000,000052,,0.0,00000000000,202109,0,2,5,1,0,540,0,0,0,0,00,0,0,0,0,00,0,7,0,0,0,000000000,000000000
4,01,23191333,213275,02716,00,0,1,P,,187000,,000656,0,019000,000000,0,000674,0,00000000000,000176,,0.0,00000000000,202109,0,2,8,1,0,1026,0,0,0,0,00,0,0,0,0,00,0,19,0,0,1,000000000,000000000
4,01,23191333,213275,02757,00,0,1,P,,187000,,000675,0,005000,000000,0,000679,0,00000000000,000143,UNIT RECALCULATED,0.0,00000000000,202109,0,2,7,1,0,270,0,0,0,0,00,0,0,0,0,00,0,6,0,0,0,000000000,000000000
4,01,23191333,213275,02809,00,0,1,P,,187000,,000680,0,006001,000000,0,000686,0,00000000000,000050,,0.0,00000000000,202109,0,2,5,1,0,378,0,0,0,0,00,0,0,0,0,00,0,9,0,0,0,000000000,000000000
4,01,23191333,213275,02815,00,0,1,P,,187000,,000687,0,010000,000000,0,000696,0,00000000000,000066,,0.0,00000000000,202109,0,2,6,1,0,540,0,0,0,0,00,0,0,0,0,00,0,12,0,0,0,000000000,000000000
4,01,23191333,213275,02949,00,0,1,P,,187000,,000697,0,004000,000000,0,000700,0,00000000000,000025,,0.0,00000000000,202109,0,2,4,1,0,216,0,0,0,0,00,0,0,0,0,00,0,4,0,0,0,000000000,000000000
4,01,23191333,213275,03844,00,0,1,P,,187000,,000701,0,015000,000000,0,000715,0,00000000000,000728,,0.0,00000000000,202109,0,2,6,1,0,810,0,0,0,0,00,0,0,0,0,00,0,18,0,0,1,000000000,000000000
4,01,23191333,221664,02741,00,0,1,P,,187000,,000716,0,000000,000000,0,000721,0,00000000000,000073,,0.0,00000000000,202109,0,2,8,1,0,0,0,0,0,0,00,0,0,0,0,00,0,5,0,0,0,000000000,000000000
4,01,23191333,221664,02747,00,0,1,P,,187000,,000722,0,000000,000000,0,000725,0,00000000000,000010,,0.0,00000000000,202109,0,2,1,1,0,0,0,0,0,0,00,0,0,0,0,00,0,1,0,0,0,000000000,000000000
4,01,23191333,221664,02822,00,0,1,P,,187000,,000726,0,022001,000000,0,000748,0,00000000000,000156,,0.0,00000000000,202109,0,2,5,1,0,1242,0,0,0,0,00,0,0,0,0,00,0,5,0,0,0,000000000,000000000
4,01,23191333,221664,04041,00,0,1,P,,187000,,000749,0,014000,000000,0,000762,0,00000000000,000051,,0.0,00000000000,202109,0,2,42,1,0,0,0,0,0,0,00,0,0,0,0,00,0,0,0,0,0,000000000,000000000
4,01,23191333,295861,02713,00,0,1,P,,187000,,000763,0,000000,001000,0,000763,2,00000000000,000000,,0.0,00000000000,202109,0,2,0,2,5,0,0,0,0,0,00,0,0,0,0,00,0,0,0,0,0,000000000,000000000
4,01,23191333,295861,02719,00,0,1,P,,187000,,000764,0,000000,001000,0,000764,0,00000000000,000027,,0.0,00000000000,202109,0,2,2,1,0,0,0,0,0,0,00,0,0,0,0,00,0,1,0,0,1,000000000,000000000
4,01,23191333,295861,02720,00,0,1,P,,187000,,000765,0,000000,000000,0,000767,0,00000000000,000037,,0.0,00000000000,202109,0,2,1,0,0,0,0,0,0,0,00,0,0,0,0,00,0,0,0,0,1,000000000,000000000
4,01,23191333,295861,02735,00,0,1,P,,187000,,000768,0,000001,003000,0,000771,0,00000000000,000032,,0.0,00000000000,202109,0,2,3,1,0,0,0,0,0,0,00,0,0,0,0,00,0,3,0,0,1,000000000,000000000
4,01,23191333,295861,02738,00,0,1,P,,187000,,000772,0,000000,001000,0,000772,0,00000000000,000000,,0.0,00000000000,202109,0,2,0,2,5,0,0,0,0,0,00,0,0,0,0,00,0,0,0,0,0,000000000,000000000
4,01,23191333,295861,02743,00,0,1,P,,187000,,000773,0,000000,000000,0,000774,0,00000000000,000027,,0.0,00000000000,202109,0,2,1,1,0,0,0,0,0,0,00,0,0,0,0,00,0,1,0,0,0,000000000,000000000
4,01,23191333,295861,02744,00,0,1,S,,187000,,000775,0,000000,001000,0,000775,0,00000000000,000000,,0.0,00000000000,202109,0,2,0,2,5,0,0,0,0,0,00,0,0,0,0,00,0,0,0,0,0,000000000,000000000
4,01,23191333,295861,02748,00,0,1,S,,187000,,000776,0,000000,001000,0,000776,0,00000000000,000000,,0.0,00000000000,202109,0,2,0,2,5,0,0,0,0,0,00,0,0,0,0,00,0,0,0,0,0,000000000,000000000
4,01,23191333,295861,02764,00,0,1,P,,187000,,000777,0,000000,001000,0,000777,0,00000000000,000000,,0.0,00000000000,202109,0,2,0,2,5,0,0,0,0,0,00,0,0,0,0,00,0,0,0,0,0,000000000,000000000
4,01,23191333,295861,02823,00,0,1,P,,187000,,000778,0,000000,003000,0,000780,0,00000000000,000029,,0.0,00000000000,202109,0,2,3,1,0,0,0,0,0,0,00,0,0,0,0,00,0,3,0,0,0,000000000,000000000
4,01,23191333,295861,04342,00,0,1,P,,187000,,000781,0,000000,007000,0,000787,0,00000000000,000201,,0.0,00000000000,202109,0,2,0,1,0,0,0,0,0,0,00,0,0,0,0,00,0,7,0,0,0,000000000,000000000
4,01,23191333,297345,02755,00,0,1,P,,187000,,000788,0,010001,000000,0,000798,0,00000000000,000535,,0.0,00000000000,202109,0,2,16,1,0,54,0,0,0,0,00,0,0,0,0,00,0,16,0,0,1,000000000,000000000
4,01,23191333,339779,02819,00,0,1,P,,187000,,000799,0,002000,000000,0,000800,0,00000000000,000008,,0.0,00000000000,202109,0,2,4,1,0,108,0,0,0,0,00,0,0,0,0,00,0,4,0,0,0,000000000,000000000
4,01,23191333,511752,04194,00,0,1,P,,187000,,000801,0,000000,002000,0,000805,0,00000000000,000000,,0.0,00000000000,202109,0,2,0,1,0,0,0,0,0,0,00,0,0,0,0,00,0,0,0,0,0,000000000,000000000
4,01,23191333,847710,02722,00,0,1,P,,187000,,000806,0,000000,004000,0,000809,0,00000000000,000000,,0.0,00000000000,202109,0,2,0,1,0,0,0,0,0,0,00,0,0,0,0,00,0,0,0,0,0,000000000,000000000
4,01,23191333,847710,02723,00,0,1,P,,187000,,000810,0,002000,016000,0,000827,2,00000000000,001014,STATUTORY GAS,0.0,00000000000,202109,0,2,3,1,0,108,0,0,0,0,00,0,0,0,0,00,0,3,0,0,0,000000000,000000000
4,01,23191333,847710,02724,00,0,1,P,,187000,,000828,0,002000,008000,0,000838,2,00000000000,002236,TOP ALLOW. #20,0.0,00000000000,202109,0,2,4,1,0,108,0,0,0,0,00,0,0,0,0,00,0,4,0,0,0,000000000,000000000
4,01,23191333,847710,02726,00,0,1,P,,187000,,000839,0,000000,018000,0,000856,0,00000000000,000034,STATUTORY GAS,0.0,00000000000,202109,0,2,0,1,0,0,0,0,0,0,00,0,0,0,0,00,0,0,0,0,0,000000000,000000000
4,01,23191333,847710,02736,00,0,1,P,,187000,,000857,0,000000,029000,0,000885,0,00000000000,000000,,0.0,00000000000,202109,0,2,0,1,0,0,0,0,0,0,00,0,0,0,0,00,0,0,0,0,0,000000000,000000000
4,01,23191333,847710,02737,00,0,1,P,,187000,,000886,0,001000,000000,0,000886,0,00000000000,000995,,0.0,00000000000,202109,0,2,3,0,0,54,0,0,0,0,00,0,0,0,0,00,0,3,0,0,1,000000000,000000000
4,01,23191333,847710,02745,00,0,1,P,,187000,,000887,0,000000,006000,0,000892,0,00000000000,000000,,0.0,00000000000,202109,0,2,0,1,0,0,0,0,0,0,00,0,0,0,0,00,0,0,0,0,0,000000000,000000000
4,01,23191333,847710,02750,00,0,1,P,,187000,,000893,0,000000,009000,0,000901,0,00000000000,000000,TOP ALLOW. #24,0.0,00000000000,202109,0,2,0,1,0,0,0,0,0,0,00,0,0,0,0,00,0,0,0,0,0,000000000,000000000
4,01,23191333,847710,02751,00,0,1,P,,187000,,000902,0,000000,004000,0,000905,0,00000000000,000000,"TOP ALLOW. #12,#14,#15,#16",0.0,00000000000,202109,0,2,0,1,0,0,0,0,0,0,00,0,0,0,0,00,0,0,0,0,0,000000000,000000000
4,01,23191333,847710,02752,00,0,1,P,,187000,,000906,0,000000,007000,0,000912,0,00000000000,000023,TOP. ALLOW. #15,0.0,00000000000,202109,0,2,0,1,0,0,0,0,0,0,00,0,0,0,0,00,0,0,0,0,0,000000000,000000000
4,01,23191333,847710,02753,00,0,1,P,,187000,,000913,0,000000,012000,0,000924,0,00000000000,000117,"TOP ALLOW. #16, 17, 18, 21, 22, 23, 30",0.0,00000000000,202109,0,2,0,1,0,0,0,0,0,0,00,0,0,0,0,00,0,0,0,0,0,000000000,000000000
4,01,23191333,847710,02754,00,0,1,P,,187000,,000925,0,001000,005000,0,000930,0,00000000000,002064,,0.0,00000000000,202109,0,2,4,1,0,54,0,0,0,0,00,0,0,0,0,00,0,4,0,0,0,000000000,000000000
4,01,23191333,847710,02756,00,0,1,P,,187000,,000931,0,000000,002000,0,000932,0,00000000000,000000,,0.0,00000000000,202109,0,2,0,1,0,0,0,0,0,0,00,0,0,0,0,00,0,0,0,0,0,000000000,000000000
4,01,23191333,847710,02758,00,0,1,P,,187000,,000933,0,002000,009000,0,000943,0,00000000000,000188,,0.0,00000000000,202109,0,2,3,1,0,108,0,0,0,0,00,0,0,0,0,00,0,3,0,0,0,000000000,000000000
4,01,23191333,847710,02759,00,0,1,P,,187000,,000944,0,002000,007000,0,000952,0,00000000000,000741,,0.0,00000000000,202109,0,2,4,1,0,108,0,0,0,0,00,0,0,0,0,00,0,4,0,0,0,000000000,000000000
4,01,23191333,847710,02761,00,0,1,P,,187000,,000953,0,000000,008000,0,000960,0,00000000000,000000,,0.0,00000000000,202109,0,2,0,1,0,0,0,0,0,0,00,0,0,0,0,00,0,0,0,0,0,000000000,000000000
4,01,23191333,847710,02762,00,0,1,P,,187000,,000961,0,000000,009000,0,000969,0,00000000000,000000,,0.0,00000000000,202109,0,2,0,1,0,0,0,0,0,0,00,0,0,0,0,00,0,0,0,0,0,000000000,000000000
4,01,23191333,847710,02931,00,0,1,P,,187000,,000970,0,001000,003000,0,000973,0,00000000000,000060,TOP ALLOW. # 8,0.0,00000000000,202109,0,2,1,1,0,54,0,0,0,0,00,0,0,0,0,00,0,1,0,0,0,000000000,000000000
4,01,23191333,847710,02982,00,0,1,S,,187000,,000974,0,000003,000000,0,000976,0,00000000000,000000,,0.0,00000000000,202109,0,2,0,1,5,0,0,0,0,0,00,0,0,0,0,00,0,0,0,0,0,000000000,000000000
4,01,23191333,847710,04046,00,0,1,P,,187000,,000977,0,000000,007000,0,000983,0,00000000000,000000,"TOP ALLOW, 1R,2R,3R,4R,5R",0.0,00000000000,202109,0,2,0,1,0,0,0,0,0,0,00,0,0,0,0,00,0,0,0,0,0,000000000,000000000
4,01,23191333,850924,02765,00,0,1,P,,187000,,000984,0,000000,005000,0,000987,0,00000000000,000000,,0.0,00000000000,202109,0,2,0,1,0,0,0,0,0,0,00,0,0,0,0,00,0,0,0,0,0,000000000,000000000
4,01,23191666,213275,02798,00,0,1,S,,187000,,000988,0,000001,000000,0,000988,0,00000000000,000000,,0.0,00000000000,202109,0,2,0,2,5,0,0,0,0,0,00,0,0,0,0,00,0,0,0,0,0,000000000,000000000
4,01,23191666,295861,02803,00,0,1,P,,187000,,000989,0,000001,005000,0,000994,0,00000000000,000565,,0.0,00000000000,202109,0,2,0,1,0,54,0,0,0,0,00,0,0,0,0,00,0,2,0,0,0,000000000,000000000
4,01,23191666,847710,02775,00,0,1,P,,187000,,000995,0,002001,001000,0,000998,0,00000000000,001722,,0.0,00000000000,202109,0,2,9,1,0,162,0,0,0,0,00,0,0,0,0,00,0,0,0,0,1,000000000,000000000
4,01,23191666,847710,02777,00,0,1,P,,187000,,000999,0,006002,006000,0,001012,0,00000000000,053437,,0.0,00000000000,202109,0,2,76,2,0,432,0,0,0,0,00,0,0,0,0,00,0,85,0,0,0,000000000,000000000
4,01,23191666,847710,02778,00,0,1,P,,187000,,001013,0,010002,016000,0,001040,0,00000000000,059620,,0.0,00000000000,202109,0,2,85,2,0,540,0,0,0,0,00,0,0,0,0,00,0,76,0,0,0,000000000,000000000
4,01,23191666,847710,02779,00,0,1,P,,187000,,001041,0,000000,005000,0,001045,0,00000000000,000000,,0.0,00000000000,202109,0,2,0,1,0,0,0,0,0,0,00,0,0,0,0,00,0,0,0,0,0,000000000,000000000
4,01,23191666,847710,02780,00,0,1,P,,187000,,001046,0,003000,013000,0,001061,0,00000000000,010062,,0.0,00000000000,202109,0,2,16,1,0,270,0,0,0,0,00,0,0,0,0,00,0,14,0,0,1,000000000,000000000
4,01,23191666,847710,02784,00,0,1,P,,187000,,001062,0,006001,026000,0,001094,0,00000000000,053108,,0.0,00000000000,202109,0,2,59,1,0,378,0,0,0,0,00,0,0,0,0,00,0,46,0,0,1,000000000,000000000
4,01,23191666,847710,02785,00,0,1,P,,187000,,001095,0,001001,012000,0,001108,0,00000000000,000999,,0.0,00000000000,202109,0,2,5,1,0,162,0,0,0,0,00,0,0,0,0,00,0,2,0,0,1,000000000,000000000
4,01,23191666,847710,02788,00,0,1,P,,187000,,001109,0,004002,008000,0,001122,0,00000000000,026662,,0.0,00000000000,202109,0,2,32,2,0,432,0,0,0,0,00,0,0,0,0,00,0,40,0,0,0,000000000,000000000
4,01,23191666,847710,02791,00,0,1,P,,187000,,001123,0,003001,007000,0,001133,0,00000000000,040361,,0.0,00000000000,202109,0,2,34,2,0,216,0,0,0,0,00,0,0,0,0,00,0,37,0,0,0,000000000,000000000
4,01,23191666,847710,02792,00,0,1,S,,187000,,001134,0,000000,002000,0,001134,0,00000000000,000000,,0.0,00000000000,202109,0,2,0,2,5,0,0,0,0,0,00,0,0,0,0,00,0,0,0,0,0,000000000,000000000
4,01,23191666,847710,02793,00,0,1,P,,187000,,001135,0,001000,000000,0,001136,0,00000000000,003317,,0.0,00000000000,202109,0,2,13,1,0,54,0,0,0,0,00,0,0,0,0,00,0,11,0,0,1,000000000,000000000
4,01,23191666,847710,02794,00,0,1,P,,187000,,001137,0,001001,004000,0,001142,0,00000000000,000872,,0.0,00000000000,202109,0,2,2,1,0,108,0,0,0,0,00,0,0,0,0,00,0,2,0,0,0,000000000,000000000
4,01,23191666,847710,02796,00,0,1,P,,187000,,001143,0,008000,031000,0,001182,0,00000000000,068803,,0.0,00000000000,202109,0,2,141,1,0,432,0,0,0,0,00,0,0,0,0,00,0,141,0,0,0,000000000,000000000
4,01,23191666,847710,02797,00,0,1,P,,187000,,001183,0,004000,005000,0,001191,0,00000000000,019357,,0.0,00000000000,202109,0,2,42,1,0,324,0,0,0,0,00,0,0,0,0,00,0,44,0,0,1,000000000,000000000
4,01,23191666,847710,02799,00,0,1,P,,187000,,001192,0,008000,012000,0,001212,0,00000000000,049779,,0.0,00000000000,202109,0,2,76,2,0,378,0,0,0,0,00,0,0,0,0,00,0,82,0,0,0,000000000,000000000
4,01,23191666,847710,02800,00,0,1,P,,187000,,001213,0,011000,019000,0,001242,0,00000000000,065045,,0.0,00000000000,202109,0,2,100,1,0,486,0,0,0,0,00,0,0,0,0,00,0,100,0,0,0,000000000,000000000
4,01,23191666,847710,02802,00,0,1,P,,187000,,001243,0,002000,005000,0,001249,0,00000000000,002130,,0.0,00000000000,202109,0,2,6,1,0,108,0,0,0,0,00,0,0,0,0,00,0,6,0,0,1,000000000,000000000
4,01,23191666,847710,02805,00,0,1,P,,187000,,001250,0,002000,006000,0,001257,0,00000000000,003223,,0.0,00000000000,202109,0,2,6,1,0,108,0,0,0,0,00,0,0,0,0,00,0,6,0,0,1,000000000,000000000
4,01,24476500,690225,03996,00,0,1,P,,311000,,001258,0,000000,008000,0,001265,0,00000000000,000000,,0.0,00000000000,202109,0,2,0,2,5,0,0,0,0,0,00,0,0,0,0,00,0,0,0,0,0,000000000,000000000
4,01,28223900,918475,03356,00,0,1,P,,127507,,001266,0,000000,010000,0,001279,0,00000000000,000220,,0.0,00000000000,202109,0,2,29,1,0,332,0,0,0,0,00,0,0,0,0,00,0,14,0,0,0,000000000,000000000
4,01,29838001,562067,00573,00,0,A,P,,297000,,001280,0,003000,002000,0,001284,0,00000000000,000000,UNIT RECALCULATED,0.0,00000000000,202109,0,2,5,1,0,148,0,0,0,0,00,0,0,0,0,00,0,5,0,0,1,000000000,000000000
4,01,30007001,335727,02660,00,0,A,P,,325000,,001285,0,005000,000000,0,001289,0,00000000000,000000,,0.0,00000000000,202109,0,2,0,1,0,0,0,0,0,0,00,0,0,0,0,00,0,2,0,0,0,000000000,000000000
4,01,30007001,448892,02046,00,0,A,P,,325000,,001290,0,003000,000000,0,001292,0,00000000000,000006,,0.0,00000000000,202109,0,2,2,1,0,162,0,0,0,0,00,0,0,0,0,00,0,2,0,0,0,000000000,000000000
4,01,31554001,000214,03392,00,0,1,P,,493000,,001293,0,013006,000000,0,001311,0,00000000000,000255,,0.0,00000000000,202109,0,2,9,2,0,2090,0,0,0,0,00,0,0,0,0,00,0,15,0,0,0,000000000,000000000
4,01,31554750,480178,03735,00,0,1,P,,493000,,001312,0,003001,001000,0,001316,0,00000000000,000247,,0.0,00000000000,202109,0,2,6,2,0,164,0,0,0,0,00,0,0,0,0,00,0,55,0,0,0,000000000,000000000
4,01,34142001,667908,00639,00,0,A,P,,029000,,001317,0,000000,012000,0,001335,0,00000000000,000000,,0.0,00000000000,202109,0,2,3,1,0,432,0,0,0,0,00,0,0,0,0,00,0,0,0,0,1,000000000,000000000
4,01,35291500,278196,03858,00,0,1,P,,493000,,001336,0,000000,019000,0,001353,0,00000000000,004275,,0.0,00000000000,202109,0,2,10,1,0,440,0,0,0,0,00,0,0,0,0,00,0,22,0,0,0,000000000,000000000
4,01,35450500,278196,03992,00,0,1,P,,493000,,001354,0,000000,017000,0,001370,0,00000000000,005032,,0.0,00000000000,202109,0,2,25,1,0,1924,0,0,0,0,00,0,0,0,0,00,0,28,0,0,1,000000000,000000000
4,01,45459001,423810,00712,00,0,A,P,,311000,,001371,0,000000,001000,0,001371,0,00000000000,000000,,0.0,00000000000,202109,0,2,0,2,5,0,0,0,0,0,00,0,0,0,0,00,0,0,0,0,0,000000000,000000000
4,01,45459001,511733,00716,00,0,A,P,,311000,,001372,0,000000,003000,0,001374,0,00000000000,000000,,0.0,00000000000,202109,0,2,0,1,0,0,0,0,0,0,00,0,0,0,0,00,0,0,0,0,0,000000000,000000000
4,01,48380666,556895,02501,00,0,1,P,,493000,,001375,0,000000,004000,0,001378,0,00000000000,000006,,0.0,00000000000,202109,0,2,2,1,0,92,0,0,0,0,00,0,0,0,0,00,0,3,0,0,1,000000000,000000000
4,01,51093001,011262,03783,00,0,1,P,,187000,,001379,0,000000,000000,0,001382,0,00000000000,000000,,0.0,00000000000,202109,0,2,0,1,0,0,0,0,0,0,00,0,0,0,0,00,0,0,0,0,0,000000000,000000000
4,01,51093001,011275,00828,00,0,A,P,,187000,,001383,0,000000,000000,0,001398,0,00000000000,000000,,0.0,00000000000,202109,0,2,0,1,0,0,0,0,0,0,00,0,0,0,0,00,0,0,0,0,0,000000000,000000000
4,01,51093001,011275,00885,00,0,A,P,,187000,,001399,0,000000,000000,0,001406,0,00000000000,000000,,0.0,00000000000,202109,0,2,0,1,0,0,0,0,0,0,00,0,0,0,0,00,0,0,0,0,0,000000000,000000000
4,01,51093001,011275,00887,00,0,A,P,,187000,,001407,0,000000,000000,0,001409,0,00000000000,000000,,0.0,00000000000,202109,0,2,0,1,0,0,0,0,0,0,00,0,0,0,0,00,0,0,0,0,0,000000000,000000000
4,01,51093001,011275,00889,00,0,1,P,,187000,,001410,0,000000,000000,0,001413,0,00000000000,000000,,0.0,00000000000,202109,0,2,0,1,0,0,0,0,0,0,00,0,0,0,0,00,0,0,0,0,0,000000000,000000000
4,01,51093001,011275,01845,00,0,A,P,,187000,,001414,0,000000,000000,0,001419,0,00000000000,000000,,0.0,00000000000,202109,0,2,0,1,0,0,0,0,0,0,00,0,0,0,0,00,0,0,0,0,0,000000000,000000000
4,01,51093001,085446,00837,00,0,1,P,,187000,,001420,0,000000,000000,0,001432,0,00000000000,000000,,0.0,00000000000,202109,0,2,1,1,0,468,0,0,0,0,00,0,0,0,0,00,0,7,0,0,0,000000000,000000000
4,01,51093001,221957,00915,00,0,1,P,,187000,,001433,0,003000,000000,0,001435,0,00000000000,000000,,0.0,00000000000,202109,0,2,1,1,0,108,0,0,0,0,00,0,0,0,0,00,0,1,0,0,1,000000000,000000000
4,01,51093001,221957,02875,00,0,A,P,,187000,,001436,0,003000,000000,0,001438,0,00000000000,000000,,0.0,00000000000,202109,0,2,1,1,0,108,0,0,0,0,00,0,0,0,0,00,0,1,0,0,1,000000000,000000000
4,01,51093001,221957,03261,00,0,A,P,,187000,,001439,0,007000,000000,0,001445,0,00000000000,000000,,0.0,00000000000,202109,0,2,2,1,0,252,0,0,0,0,00,0,0,0,0,00,0,2,0,0,1,000000000,000000000
4,01,51093001,221957,03480,00,0,A,P,,187000,,001446,0,003000,000000,0,001448,0,00000000000,000000,,0.0,00000000000,202109,0,2,1,1,0,108,0,0,0,0,00,0,0,0,0,00,0,1,0,0,1,000000000,000000000
4,01,51093001,221957,05878,00,0,A,P,,187000,,001449,0,016000,000000,0,001468,0,00000000000,000000,,0.0,00000000000,202109,0,2,0,1,0,0,0,0,0,0,00,0,0,0,0,00,0,1,0,0,0,000000000,000000000
4,01,51093001,222733,00838,00,0,A,P,,187000,,001469,0,000000,000000,0,001470,0,00000000000,000000,,0.0,00000000000,202109,0,2,1,1,0,72,0,0,0,0,00,0,0,0,0,00,0,1,0,0,1,000000000,000000000
4,01,51093001,222733,00840,00,0,A,P,,187000,,001471,0,000000,000000,0,001474,0,00000000000,000000,,0.0,00000000000,202109,0,2,1,1,0,144,0,0,0,0,00,0,0,0,0,00,0,1,0,0,1,000000000,000000000
4,01,51093001,222733,00890,00,0,A,P,,187000,,001475,0,000000,000000,0,001476,0,00000000000,000000,,0.0,00000000000,202109,0,2,1,1,0,72,0,0,0,0,00,0,0,0,0,00,0,1,0,0,1,000000000,000000000
4,01,51093001,222733,02423,00,0,A,P,,187000,,001477,0,000000,000000,0,001479,0,00000000000,000000,,0.0,00000000000,202109,0,2,1,1,0,108,0,0,0,0,00,0,0,0,0,00,0,1,0,0,1,000000000,000000000
4,01,51093001,222733,02672,00,0,A,P,,187000,,001480,0,000000,000000,0,001486,0,00000000000,000000,,0.0,00000000000,202109,0,2,3,1,0,252,0,0,0,0,00,0,0,0,0,00,0,3,0,0,1,000000000,000000000
4,01,51093001,222733,02860,00,0,1,P,,187000,,001487,0,000000,000000,0,001490,0,00000000000,000000,,0.0,00000000000,202109,0,2,1,1,0,144,0,0,0,0,00,0,0,0,0,00,0,2,0,0,1,000000000,000000000
4,01,51093001,222733,02915,00,0,A,P,,187000,,001491,0,000000,000000,0,001492,0,00000000000,000000,,0.0,00000000000,202109,0,2,0,1,0,0,0,0,0,0,00,0,0,0,0,00,0,0,0,0,0,000000000,000000000
4,01,51093001,246553,00911,00,0,A,P,,493000,,001493,0,000000,000000,0,001494,0,00000000000,000000,,0.0,00000000000,202109,0,2,0,1,0,0,0,0,0,0,00,0,0,0,0,00,0,0,0,0,0,000000000,000000000
4,01,51093001,251861,00866,00,0,1,P,,187000,,001495,0,000000,002000,0,001498,0,00000000000,000002,,0.0,00000000000,202109,0,2,1,0,0,0,0,0,0,0,00,0,0,0,0,00,0,2,0,0,1,000000000,000000000
4,01,51093001,251861,03379,00,0,A,P,,187000,,001499,0,000000,005000,0,001505,0,00000000000,000002,,0.0,00000000000,202109,0,2,1,0,0,0,0,0,0,0,00,0,0,0,0,00,0,2,0,0,1,000000000,000000000
4,01,51093001,288392,00823,00,0,A,P,,187000,,001506,0,002000,000000,0,001507,0,00000000000,000000,,0.0,00000000000,202109,0,2,1,0,0,72,0,0,0,0,00,0,0,0,0,00,0,1,0,0,0,000000000,000000000
4,01,51093001,288392,00869,00,0,A,P,,187000,,001508,0,012000,000000,0,001519,0,00000000000,000000,,0.0,00000000000,202109,0,2,3,0,0,432,0,0,0,0,00,0,0,0,0,00,0,3,0,0,0,000000000,000000000
4,01,51093001,390848,00848,00,0,A,P,,187000,,001520,0,000000,000000,0,001528,0,00000000000,000000,,0.0,00000000000,202109,0,2,0,1,0,0,0,0,0,0,00,0,0,0,0,00,0,0,0,0,0,000000000,000000000
4,01,51093001,406141,00843,00,0,A,P,,187000,,001529,0,002000,000000,0,001530,0,00000000000,000004,,0.0,00000000000,202109,0,2,0,2,5,0,0,0,0,0,00,0,0,0,0,00,0,1,0,0,0,000000000,000000000
4,01,51093001,406141,02102,00,0,A,P,,187000,,001531,0,009000,000000,0,001539,0,00000000000,000018,,0.0,00000000000,202109,0,2,38,1,0,324,0,0,0,0,00,0,0,0,0,00,0,30,0,0,1,000000000,000000000
4,01,51093001,427281,00822,00,0,A,P,,187000,,001540,0,000000,007000,0,001546,0,00000000000,000000,,0.0,00000000000,202109,0,2,5,1,0,252,0,0,0,0,00,0,0,0,0,00,0,5,0,0,0,000000000,000000000
4,01,51093001,427281,00835,00,0,A,P,,187000,,001547,0,000000,007000,0,001553,0,00000000000,000000,,0.0,00000000000,202109,0,2,5,1,0,252,0,0,0,0,00,0,0,0,0,00,0,5,0,0,0,000000000,000000000
4,01,51093001,427281,00942,00,0,1,P,,187000,,001554,0,000000,007000,0,001560,0,00000000000,000000,,0.0,00000000000,202109,0,2,4,1,0,252,0,0,0,0,00,0,0,0,0,00,0,4,0,0,0,000000000,000000000
4,01,51093001,427281,02202,00,0,1,P,,187000,,001561,0,000000,003000,0,001563,0,00000000000,000000,,0.0,00000000000,202109,0,2,2,1,0,108,0,0,0,0,00,0,0,0,0,00,0,2,0,0,0,000000000,000000000
4,01,51093001,427281,03052,00,0,A,P,,187000,,001564,0,000000,003000,0,001566,0,00000000000,000000,,0.0,00000000000,202109,0,2,4,1,0,108,0,0,0,0,00,0,0,0,0,00,0,4,0,0,0,000000000,000000000
4,01,51093001,430431,00921,00,0,A,P,,187000,,001567,0,001000,033000,0,001600,0,00000000000,000000,,0.0,00000000000,202109,0,2,5,1,0,864,0,0,0,0,00,0,0,0,0,00,0,9,0,0,0,000000000,000000000
4,01,51093001,482507,01844,00,0,A,S,,187000,,001601,0,000000,001000,0,001601,0,00000000000,000000,,0.0,00000000000,202109,0,2,0,2,5,0,0,0,0,0,00,0,0,0,0,00,0,0,0,0,0,000000000,000000000
4,01,51093001,498645,00934,00,0,A,P,,187000,,001602,0,009000,000000,0,001610,0,00000000000,000018,,0.0,00000000000,202109,0,2,3,1,0,324,0,0,0,0,00,0,0,0,0,00,0,3,0,0,1,000000000,000000000
4,01,51093001,508470,00878,00,0,A,P,,493000,,001611,0,025000,000000,0,001635,0,00000000000,000025,,0.0,00000000000,202109,0,2,5,1,0,900,0,0,0,0,00,0,0,0,0,00,0,17,0,0,0,000000000,000000000
4,01,51093001,660025,00879,00,0,A,P,,493000,,001636,0,000000,000000,0,001640,0,00000000000,000000,,0.0,00000000000,202109,0,2,1,1,0,0,0,0,0,0,00,0,0,0,0,00,0,4,0,0,0,000000000,000000000
4,01,51093001,660025,00912,00,0,1,P,,493000,,001641,0,000000,000000,0,001645,0,00000000000,000000,,0.0,00000000000,202109,0,2,1,1,0,0,0,0,0,0,00,0,0,0,0,00,0,3,0,0,0,000000000,000000000
4,01,51093001,680845,00825,00,0,A,P,,187000,,001646,0,015000,000000,0,001660,0,00000000000,000015,,0.0,00000000000,202109,0,2,2,1,0,540,0,0,0,0,00,0,0,0,0,00,0,2,0,0,0,000000000,000000000
4,01,51093001,680845,00873,00,0,A,P,,187000,,001661,0,000000,001000,0,001661,0,00000000000,000000,,0.0,00000000000,202109,0,2,0,2,5,0,0,0,0,0,00,0,0,0,0,00,0,0,0,0,0,000000000,000000000
4,01,51093001,680845,00880,00,0,A,P,,187000,,001662,0,007000,000000,0,001668,0,00000000000,000000,,0.0,00000000000,202109,0,2,1,1,0,252,0,0,0,0,00,0,0,0,0,00,0,1,0,0,0,000000000,000000000
4,01,51093001,680845,00940,00,0,A,P,,187000,,001669,0,026000,000000,0,001694,0,00000000000,000000,,0.0,00000000000,202109,0,2,6,1,0,936,0,0,0,0,00,0,0,0,0,00,0,7,0,0,1,000000000,000000000
4,01,51093001,825473,00872,00,0,A,S,,187000,,001695,0,000000,001000,0,001695,0,00000000000,000000,,0.0,00000000000,202109,0,2,0,2,5,0,0,0,0,0,00,0,0,0,0,00,0,0,0,0,0,000000000,000000000
4,01,51093001,835711,00875,00,0,A,P,,493000,,001696,0,000000,005000,0,001700,0,00000000000,000000,,0.0,00000000000,202109,0,2,2,1,0,0,0,0,0,0,00,0,0,0,0,00,0,4,0,0,0,000000000,000000000
4,01,51093001,835711,00893,00,0,A,P,,187000,,001701,0,000000,019000,0,001719,0,00000000000,000000,,0.0,00000000000,202109,0,2,5,1,0,0,0,0,0,0,00,0,0,0,0,00,0,10,0,0,0,000000000,000000000
4,01,51093001,857686,00842,00,0,A,P,,187000,,001720,0,000000,007000,0,001726,0,00000000000,000000,,0.0,00000000000,202109,0,2,8,1,0,252,0,0,0,0,00,0,0,0,0,00,0,8,0,0,0,000000000,000000000
4,01,51093001,857686,00868,00,0,A,P,,187000,,001727,0,000000,008000,0,001734,0,00000000000,000000,ONE TIME ALLOWABLE GIVEN EFF 2/1/00 TO COVER OVERAGE.,0.0,00000000000,202109,0,2,0,1,0,0,0,0,0,0,00,0,0,0,0,00,0,0,0,0,0,000000000,000000000
4,01,51093001,857686,02176,00,0,A,P,,187000,,001735,0,000000,007000,0,001741,0,00000000000,000000,,0.0,00000000000,202109,0,2,9,1,0,252,0,0,0,0,00,0,0,0,0,00,0,7,0,0,1,000000000,000000000
4,01,51093001,878942,00847,00,0,1,P,,187000,,001742,0,000000,015000,0,001756,0,00000000000,000000,,0.0,00000000000,202109,0,2,1,1,0,0,0,0,0,0,00,0,0,0,0,00,0,3,0,0,0,000000000,000000000
4,01,51093001,878942,00874,00,0,1,P,,187000,,001757,0,022000,000000,0,001778,0,00000000000,000000,,0.0,00000000000,202109,0,2,2,1,0,0,0,0,0,0,00,0,0,0,0,00,0,7,0,0,1,000000000,000000000
4,01,51093001,878942,03226,00,0,1,P,,187000,,001779,0,008000,000000,0,001786,0,00000000000,000000,,0.0,00000000000,202109,0,2,3,1,0,0,0,0,0,0,00,0,0,0,0,00,0,3,0,0,0,000000000,000000000
4,01,51093001,888510,01821,00,0,A,P,,187000,,001787,0,002000,000000,0,001788,0,00000000000,000008,,0.0,00000000000,202109,0,2,1,1,0,72,0,0,0,0,00,0,0,0,0,00,0,1,0,0,1,000000000,000000000
4,01,53773333,297457,00964,00,0,1,P,,493000,,001789,0,000001,015000,0,001804,0,00000000000,005608,#8 NOT ELGIBLE FOR ALLOW.,0.0,00000000000,202109,0,2,22,1,0,0,0,0,0,0,00,0,0,0,0,00,0,23,0,0,0,000000000,000000000
4,01,55665500,802624,02477,00,0,1,S,,055000,,001805,0,000000,000000,0,001805,0,00000000000,000000,,0.0,00000000000,202109,0,2,0,2,5,0,0,0,0,0,00,0,0,0,0,00,0,0,0,0,0,000000000,000000000
4,01,55679001,238520,01032,00,0,A,P,,055000,,001806,0,000000,001000,0,001810,0,00000000000,000000,,0.0,00000000000,202109,0,2,0,1,0,0,0,0,0,0,00,0,0,0,0,00,0,0,0,0,0,000000000,000000000
4,01,55679001,773400,00992,00,0,A,P,,055000,,001811,0,003000,000000,0,001813,0,00000000000,000000,,0.0,00000000000,202109,0,2,5,1,0,0,0,0,0,0,00,0,0,0,0,00,0,2,0,0,0,000000000,000000000
4,01,55679001,802624,13824,00,0,H,P,,055000,,001814,0,001000,000000,0,001814,0,00000000000,000497,0000000000000000000000000000000000000000000000000000000,0.0,00000000000,202109,0,2,5,1,0,60,0,0,0,0,00,0,0,0,0,00,0,14,0,0,0,000000000,000000000
4,01,55679001,847710,01055,00,0,A,P,,187000,,001815,0,014005,023000,0,001856,0,00000000000,145399,,0.0,00000000000,202109,0,2,293,1,0,1200,0,0,0,0,00,0,0,0,0,00,0,181,0,0,1,000000000,000000000
4,01,55679001,847710,01056,00,0,A,P,,055000,,001857,0,002000,003000,0,001861,0,00000000000,001858,,0.0,00000000000,202109,0,2,5,1,0,180,0,0,0,0,00,0,0,0,0,00,0,1,0,0,0,000000000,000000000
4,01,55679001,847710,01057,00,0,A,P,,055000,,001862,0,001000,002000,0,001864,0,00000000000,000200,,0.0,00000000000,202109,0,2,1,1,0,60,0,0,0,0,00,0,0,0,0,00,0,1,0,0,0,000000000,000000000
4,01,55679001,847710,01060,00,0,A,P,,055000,,001865,0,002000,003000,0,001869,0,00000000000,005202,,0.0,00000000000,202109,0,2,5,1,0,120,0,0,0,0,00,0,0,0,0,00,0,3,0,0,1,000000000,000000000
4,01,55679001,847710,01064,00,0,A,P,,055000,,001870,0,001000,000000,0,001870,0,00000000000,000994,,0.0,00000000000,202109,0,2,2,1,0,60,0,0,0,0,00,0,0,0,0,00,0,2,0,0,0,000000000,000000000
4,01,55679001,847710,01066,00,0,A,P,,055000,,001871,0,004000,005000,0,001879,0,00000000000,031053,,0.0,00000000000,202109,0,2,46,1,0,240,0,0,0,0,00,0,0,0,0,00,0,72,0,0,1,000000000,000000000
4,01,55679001,847710,01077,00,0,A,P,,055000,,001880,0,004000,005000,0,001888,0,00000000000,048443,,0.0,00000000000,202109,0,2,104,1,0,240,0,0,0,0,00,0,0,0,0,00,0,108,0,0,1,000000000,000000000
4,01,55679001,847710,01081,00,0,A,P,,187000,,001889,0,010001,008000,0,001906,0,00000000000,048711,,0.0,00000000000,202109,0,2,87,2,0,720,0,0,0,0,00,0,0,0,0,00,0,92,0,0,0,000000000,000000000
4,01,55679001,847710,01082,00,0,A,P,,187000,,001907,0,016002,009000,0,001934,0,00000000000,110436,,0.0,00000000000,202109,0,2,158,1,0,1140,0,0,0,0,00,0,0,0,0,00,0,155,0,0,0,000000000,000000000
4,01,55679001,847710,01083,00,0,A,P,,187000,,001935,0,001001,002000,0,001937,0,00000000000,000326,,0.0,00000000000,202109,0,2,2,1,0,120,0,0,0,0,00,0,0,0,0,00,0,1,0,0,0,000000000,000000000
4,01,55679001,847710,01084,00,0,A,P,,187000,,001938,0,001000,001000,0,001939,0,00000000000,000630,,0.0,00000000000,202109,0,2,4,1,0,60,0,0,0,0,00,0,0,0,0,00,0,2,0,0,0,000000000,000000000
4,01,55679001,847710,01085,00,0,A,P,,055000,,001940,0,001000,001000,0,001941,0,00000000000,000110,,0.0,00000000000,202109,0,2,1,1,0,60,0,0,0,0,00,0,0,0,0,00,0,1,0,0,0,000000000,000000000
4,01,55679001,847710,01086,00,0,A,P,,055000,,001942,0,007001,016000,0,001965,0,00000000000,057255,,0.0,00000000000,202109,0,2,66,2,0,480,0,0,0,0,00,0,0,0,0,00,0,72,0,0,1,000000000,000000000
4,01,55679001,847710,01087,00,0,A,P,,055000,,001966,0,002000,000000,0,001967,0,00000000000,001530,,0.0,00000000000,202109,0,2,7,1,0,120,0,0,0,0,00,0,0,0,0,00,0,6,0,0,0,000000000,000000000
4,01,55679001,847710,01088,00,0,A,P,,055000,,001968,0,002000,003000,0,001972,0,00000000000,013064,,0.0,00000000000,202109,0,2,49,2,0,180,0,0,0,0,00,0,0,0,0,00,0,23,0,0,0,000000000,000000000
4,01,55679001,847710,01089,00,0,A,P,,055000,,001973,0,005001,007000,0,001985,0,00000000000,042911,,0.0,00000000000,202109,0,2,57,1,0,300,0,0,0,0,00,0,0,0,0,00,0,61,0,0,1,000000000,000000000
4,01,55679001,847710,01090,00,0,A,P,,055000,,001986,0,005001,009000,0,002000,0,00000000000,014318,,0.0,00000000000,202109,0,2,44,1,0,420,0,0,0,0,00,0,0,0,0,00,0,46,0,0,1,000000000,000000000
4,01,55679001,847710,01091,00,0,A,P,,055000,,002001,0,002000,002000,0,002004,0,00000000000,001400,,0.0,00000000000,202109,0,2,4,1,0,60,0,0,0,0,00,0,0,0,0,00,0,3,0,0,1,000000000,000000000
4,01,55679001,847710,01092,00,0,A,P,,055000,,002005,0,007002,013000,0,002027,0,00000000000,089217,,0.0,00000000000,202109,0,2,119,1,0,540,0,0,0,0,00,0,0,0,0,00,0,91,0,0,1,000000000,000000000
4,01,55679001,847710,01093,00,0,A,P,,055000,,002028,0,005001,015000,0,002047,0,00000000000,046067,,0.0,00000000000,202109,0,2,77,1,0,540,0,0,0,0,00,0,0,0,0,00,0,74,0,0,0,000000000,000000000
4,01,55679001,847710,01095,00,0,A,P,,055000,,002048,0,001000,001000,0,002049,0,00000000000,000963,,0.0,00000000000,202109,0,2,2,1,0,60,0,0,0,0,00,0,0,0,0,00,0,2,0,0,1,000000000,000000000
4,01,55679001,847710,01096,00,0,A,P,,055000,,002050,0,003001,013000,0,002066,0,00000000000,011233,,0.0,00000000000,202109,0,2,17,1,0,240,0,0,0,0,00,0,0,0,0,00,0,16,0,0,1,000000000,000000000
4,01,55679001,847710,01100,00,0,A,S,,187000,,002067,0,000000,001000,0,002067,0,00000000000,000000,,0.0,00000000000,202109,0,2,0,2,5,0,0,0,0,0,00,0,0,0,0,00,0,0,0,0,0,000000000,000000000
4,01,55679001,847710,01101,00,0,A,P,,187000,,002068,0,003001,002000,0,002073,0,00000000000,001956,,0.0,00000000000,202109,0,2,5,1,0,300,0,0,0,0,00,0,0,0,0,00,0,5,0,0,0,000000000,000000000
4,01,55679001,847710,01102,00,0,A,P,,187000,,002074,0,002000,000000,0,002075,0,00000000000,002003,,0.0,00000000000,202109,0,2,4,1,0,120,0,0,0,0,00,0,0,0,0,00,0,3,0,0,0,000000000,000000000
4,01,55679001,847710,01103,00,0,A,S,,187000,,002076,0,000000,001000,0,002076,0,00000000000,000000,,0.0,00000000000,202109,0,2,0,2,5,0,0,0,0,0,00,0,0,0,0,00,0,0,0,0,0,000000000,000000000
4,01,55679001,847710,01105,00,0,A,P,,055000,,002077,0,005000,019000,0,002100,0,00000000000,018533,,0.0,00000000000,202109,0,2,43,1,0,360,0,0,0,0,00,0,0,0,0,00,0,48,0,0,0,000000000,000000000
4,01,55679001,847710,01107,00,0,A,P,,055000,,002101,0,019002,028000,0,002152,0,00000000000,122310,,0.0,00000000000,202109,0,2,225,2,0,1200,0,0,0,0,00,0,0,0,0,00,0,304,0,0,0,000000000,000000000
4,01,55679001,847710,01108,00,0,A,P,,055000,,002153,0,002001,004000,0,002159,0,00000000000,014648,,0.0,00000000000,202109,0,2,35,1,0,180,0,0,0,0,00,0,0,0,0,00,0,35,0,0,1,000000000,000000000
4,01,55679001,847710,01110,00,0,A,P,,055000,,002160,0,006002,009000,0,002174,0,00000000000,008429,ORD#01-234195/2AC SPCG/150FT TO LEASE LINE/W-1S SNT TO,0.0,00000000000,202109,0,2,22,2,0,540,0,0,0,0,00,0,0,0,0,00,0,26,0,0,0,000000000,000000000
4,01,55679001,847710,02272,00,0,A,P,,187000,,002175,0,009001,008000,0,002192,0,00000000000,129309,,0.0,00000000000,202109,0,2,207,1,0,600,0,0,0,0,00,0,0,0,0,00,0,116,0,0,1,000000000,000000000
4,01,55679001,847710,03671,00,0,A,P,,187000,,002193,0,008001,008000,0,002208,0,00000000000,077026,,0.0,00000000000,202109,0,2,85,1,0,600,0,0,0,0,00,0,0,0,0,00,0,82,0,0,0,000000000,000000000
4,01,56054001,033877,03473,00,0,1,P,,055000,,002209,0,005001,000000,0,002214,0,00000000000,000006,,0.0,00000000000,202109,0,2,2,1,0,324,0,0,0,0,00,0,0,0,0,00,0,2,0,0,0,000000000,000000000
4,01,56054001,297345,01149,00,0,A,P,,055000,,002215,0,000000,002000,0,002216,0,00000000000,000002,,0.0,00000000000,202109,0,2,2,1,0,0,0,0,0,0,00,0,0,0,0,00,0,2,0,0,0,000000000,000000000
4,01,56054001,297345,01151,00,0,1,P,,055000,,002217,0,000000,004000,0,002220,0,00000000000,000009,,0.0,00000000000,202109,0,2,6,1,0,0,0,0,0,0,00,0,0,0,0,00,0,5,0,0,1,000000000,000000000
4,01,56054001,297345,01152,00,0,A,P,,055000,,002221,0,000000,009000,0,002229,0,00000000000,000015,,0.0,00000000000,202109,0,2,5,1,0,0,0,0,0,0,00,0,0,0,0,00,0,7,0,0,0,000000000,000000000
4,01,56054001,297345,01153,00,0,A,P,,055000,,002230,0,000000,006000,0,002235,0,00000000000,000015,,0.0,00000000000,202109,0,2,5,1,0,0,0,0,0,0,00,0,0,0,0,00,0,4,0,0,0,000000000,000000000
4,01,56054001,297345,01155,00,0,A,P,,055000,,002236,0,000001,022000,0,002258,0,00000000000,000017,,0.0,00000000000,202109,0,2,10,1,0,1242,0,0,0,0,00,0,0,0,0,00,0,15,0,0,1,000000000,000000000
4,01,56054001,297345,01156,00,0,A,P,,055000,,002259,0,000000,007000,0,002265,0,00000000000,000018,,0.0,00000000000,202109,0,2,5,1,0,0,0,0,0,0,00,0,0,0,0,00,0,6,0,0,0,000000000,000000000
4,01,56054001,297345,01158,00,0,A,P,,055000,,002266,0,000000,005000,0,002270,0,00000000000,000011,,0.0,00000000000,202109,0,2,5,1,0,0,0,0,0,0,00,0,0,0,0,00,0,4,0,0,0,000000000,000000000
4,01,56054001,297345,01159,00,0,A,P,,055000,,002271,0,000000,002000,0,002272,0,00000000000,000004,,0.0,00000000000,202109,0,2,4,1,0,0,0,0,0,0,00,0,0,0,0,00,0,3,0,0,0,000000000,000000000
4,01,56054001,297345,01160,00,0,A,P,,055000,,002273,0,000000,002000,0,002274,0,00000000000,000002,,0.0,00000000000,202109,0,2,3,1,0,0,0,0,0,0,00,0,0,0,0,00,0,3,0,0,0,000000000,000000000
4,01,56054001,297345,01161,00,0,A,P,,055000,,002275,0,000000,006000,0,002280,0,00000000000,000000,,0.0,00000000000,202109,0,2,5,1,0,324,0,0,0,0,00,0,0,0,0,00,0,5,0,0,0,000000000,000000000
4,01,56054001,297345,01162,00,0,A,P,,055000,,002281,0,000000,003000,0,002283,0,00000000000,000000,,0.0,00000000000,202109,0,2,4,1,0,162,0,0,0,0,00,0,0,0,0,00,0,3,0,0,0,000000000,000000000
4,01,56054001,297345,01163,00,0,A,P,,055000,,002284,0,000000,004000,0,002287,0,00000000000,000006,,0.0,00000000000,202109,0,2,5,1,0,0,0,0,0,0,00,0,0,0,0,00,0,4,0,0,0,000000000,000000000
4,01,56054001,297345,01164,00,0,A,P,,055000,,002288,0,000000,008000,0,002295,0,00000000000,000000,,0.0,00000000000,202109,0,2,5,1,0,432,0,0,0,0,00,0,0,0,0,00,0,6,0,0,0,000000000,000000000
4,01,56054001,297345,02973,00,0,1,P,,055000,,002296,0,000000,007000,0,002302,0,00000000000,000016,,0.0,00000000000,202109,0,2,5,1,0,0,0,0,0,0,00,0,0,0,0,00,0,5,0,0,0,000000000,000000000
4,01,56054001,297345,02974,00,0,A,P,,055000,,002303,0,000000,010000,0,002312,0,00000000000,000016,,0.0,00000000000,202109,0,2,5,1,0,0,0,0,0,0,00,0,0,0,0,00,0,7,0,0,0,000000000,000000000
4,01,56054001,297345,03695,00,0,A,P,,055000,,002313,0,000000,007000,0,002319,0,00000000000,000022,,0.0,00000000000,202109,0,2,5,1,0,378,0,0,0,0,00,0,0,0,0,00,0,6,0,0,0,000000000,000000000
4,01,56054001,433276,01148,00,0,A,P,,055000,,002320,0,002000,000000,0,002321,0,00000000000,000000,,0.0,00000000000,202109,0,2,1,1,0,108,0,0,0,0,00,0,0,0,0,00,0,1,0,0,0,000000000,000000000
4,01,56054001,433276,01154,00,0,A,P,,055000,,002322,0,003000,000000,0,002324,0,00000000000,000000,,0.0,00000000000,202109,0,2,2,1,0,162,0,0,0,0,00,0,0,0,0,00,0,2,0,0,0,000000000,000000000
4,01,56054001,433276,01165,00,0,A,P,,055000,,002325,0,007000,000000,0,002331,0,00000000000,000000,,0.0,00000000000,202109,0,2,4,1,0,378,0,0,0,0,00,0,0,0,0,00,0,4,0,0,0,000000000,000000000
4,01,56054001,433276,01166,00,0,A,P,,055000,,002332,0,002000,000000,0,002333,0,00000000000,000000,,0.0,00000000000,202109,0,2,4,1,0,108,0,0,0,0,00,0,0,0,0,00,0,4,0,0,0,000000000,000000000
4,01,56054001,433276,01167,00,0,A,P,,055000,,002334,0,006000,000000,0,002339,0,00000000000,000000,,0.0,00000000000,202109,0,2,5,1,0,324,0,0,0,0,00,0,0,0,0,00,0,5,0,0,0,000000000,000000000
4,01,56054001,433276,01168,00,0,A,P,,055000,,002340,0,003000,000000,0,002342,0,00000000000,000000,,0.0,00000000000,202109,0,2,2,1,0,162,0,0,0,0,00,0,0,0,0,00,0,2,0,0,0,000000000,000000000
4,01,56054001,433276,01169,00,0,A,P,,055000,,002343,0,005000,000000,0,002347,0,00000000000,000000,,0.0,00000000000,202109,0,2,4,1,0,270,0,0,0,0,00,0,0,0,0,00,0,4,0,0,0,000000000,000000000
4,01,58115500,597387,02592,00,0,1,P,,465000,,002348,0,008000,007000,0,002363,0,00000000000,001500,,0.0,00000000000,202109,0,2,11,1,0,179982,0,0,0,0,00,0,0,0,0,00,0,11,0,0,1,000000000,000000000
4,01,58315001,614190,01174,00,0,A,P,,491000,,002364,0,000000,007000,0,002370,2,00000000000,000005,,0.0,00000000000,202109,0,2,5,1,0,180,0,0,0,0,00,0,0,0,0,00,0,9,0,0,0,000000000,000000000
4,01,61858001,128580,01209,00,0,A,P,,331000,,002371,0,004000,001000,0,002375,0,00000000000,000000,,0.0,00000000000,202109,0,2,2,1,0,180,0,0,0,0,00,0,0,0,0,00,0,4,0,0,0,000000000,000000000
4,01,61858001,128580,01210,00,0,A,P,,331000,,002376,0,005000,000000,0,002380,0,00000000000,000001,,0.0,00000000000,202109,0,2,2,1,0,180,0,0,0,0,00,0,0,0,0,00,0,4,0,0,0,000000000,000000000
4,01,61858001,128580,01247,00,0,A,P,,331000,,002381,0,001000,003000,0,002384,0,00000000000,000001,,0.0,00000000000,202109,0,2,2,1,0,144,0,0,0,0,00,0,0,0,0,00,0,3,0,0,0,000000000,000000000
4,01,61858001,149452,03190,00,0,A,P,,331000,,002385,0,000000,058000,0,002442,0,00000000000,000000,,0.0,00000000000,202109,0,2,9,1,0,0,0,0,0,0,00,0,0,0,0,00,0,8,0,0,1,000000000,000000000
4,01,61858001,169420,01237,00,0,A,P,,331000,,002443,0,000000,002000,0,002444,0,00000000000,000000,,0.0,00000000000,202109,0,2,0,1,0,0,0,0,0,0,00,0,0,0,0,00,0,0,0,0,0,000000000,000000000
4,01,61858001,182068,01183,00,0,1,P,,331000,,002445,0,000000,000000,0,002447,0,00000000000,000000,CORRECT UNIT ALLOWABLE EFF 10/1/04,0.0,00000000000,202109,0,2,0,2,5,0,0,0,0,0,00,0,0,0,0,00,0,0,0,0,0,000000000,000000000
4,01,61858001,182068,01269,00,0,A,P,,331000,,002448,0,000000,000000,0,002456,0,00000000000,000000,,0.0,00000000000,202109,0,2,0,1,0,0,0,0,0,0,00,0,0,0,0,00,0,0,0,0,0,000000000,000000000
4,01,61858001,182068,02499,00,0,A,P,,331000,,002457,0,000000,000000,0,002463,0,00000000000,000000,,0.0,00000000000,202109,0,2,0,1,0,0,0,0,0,0,00,0,0,0,0,00,0,0,0,0,0,000000000,000000000
4,01,61858001,182068,03900,00,0,A,S,,331000,,002464,0,000000,001000,0,002464,0,00000000000,000000,CORRECT UNIT ALLOWABLE,0.0,00000000000,202109,0,2,0,1,0,0,0,0,0,0,00,0,0,0,0,00,0,0,0,0,0,000000000,000000000
4,01,61858001,302567,03608,00,0,1,P,,331000,,002465,0,000000,000000,0,002489,0,00000000000,000000,,0.0,00000000000,202109,0,2,0,1,0,0,0,0,0,0,00,0,0,0,0,00,0,0,0,0,0,000000000,000000000
4,01,61858001,428017,03736,00,0,A,P,,331000,,002490,0,000000,000000,0,002498,0,00000000000,000000,,0.0,00000000000,202109,0,2,0,1,0,0,0,0,0,0,00,0,0,0,0,00,0,0,0,0,0,000000000,000000000
4,01,61858001,431218,01255,00,0,A,P,,331000,,002499,0,003000,000000,0,002501,0,00000000000,000000,,0.0,00000000000,202109,0,2,5,1,0,108,0,0,0,0,00,0,0,0,0,00,0,6,0,0,0,000000000,000000000
4,01,61858001,450649,02876,00,0,A,P,,331000,,002502,0,003000,000000,0,002504,0,00000000000,000006,,0.0,00000000000,202109,0,2,3,1,0,108,0,0,0,0,00,0,0,0,0,00,0,2,0,0,0,000000000,000000000
4,01,61858001,450649,03121,00,0,A,P,,331000,,002505,0,003000,000000,0,002507,0,00000000000,000006,,0.0,00000000000,202109,0,2,3,1,0,108,0,0,0,0,00,0,0,0,0,00,0,2,0,0,0,000000000,000000000
4,01,61858001,450649,03125,00,0,A,P,,331000,,002508,0,006000,000000,0,002513,0,00000000000,000012,,0.0,00000000000,202109,0,2,2,1,0,216,0,0,0,0,00,0,0,0,0,00,0,2,0,0,0,000000000,000000000
4,01,61858001,503835,01199,00,0,A,S,,331000,,002514,0,000000,001000,0,002514,0,00000000000,000000,,0.0,00000000000,202109,0,2,0,2,5,0,0,0,0,0,00,0,0,0,0,00,0,0,0,0,0,000000000,000000000
4,01,61858001,601103,03498,00,0,1,P,,331000,,002515,0,041000,000000,0,002555,0,00000000000,000000,,0.0,00000000000,202109,0,2,5,1,0,1476,0,0,0,0,00,0,0,0,0,00,0,6,0,0,0,000000000,000000000
4,01,61858001,652875,01218,00,0,A,S,,331000,,002556,0,000000,004000,0,002556,0,00000000000,000000,,0.0,00000000000,202109,0,2,0,2,5,0,0,0,0,0,00,0,0,0,0,00,0,0,0,0,0,000000000,000000000
4,01,61858001,676856,01188,00,0,A,P,,331000,,002557,0,000000,000000,0,002559,0,00000000000,000000,,0.0,00000000000,202109,0,2,0,1,0,0,0,0,0,0,00,0,0,0,0,00,0,0,0,0,0,000000000,000000000
4,01,61858001,676856,02679,00,0,A,P,,331000,,002560,0,000000,000000,0,002562,0,00000000000,000000,,0.0,00000000000,202109,0,2,0,1,0,0,0,0,0,0,00,0,0,0,0,00,0,0,0,0,0,000000000,000000000
4,01,61858001,696751,01182,00,0,A,P,,331000,,002563,0,000000,010000,0,002572,0,00000000000,000027,,0.0,00000000000,202109,0,2,6,1,0,0,0,0,0,0,00,0,0,0,0,00,0,8,0,0,0,000000000,000000000
4,01,61858001,821927,01229,00,0,A,P,,331000,,002573,0,003000,000000,0,002575,0,00000000000,000002,,0.0,00000000000,202109,0,2,1,1,0,108,0,0,0,0,00,0,0,0,0,00,0,2,0,0,0,000000000,000000000
4,01,61858001,821927,01268,00,0,A,P,,331000,,002576,0,005000,000000,0,002580,0,00000000000,000003,,0.0,00000000000,202109,0,2,2,1,0,180,0,0,0,0,00,0,0,0,0,00,0,2,0,0,0,000000000,000000000
4,01,61858001,844127,01198,00,0,A,P,,331000,,002581,0,000000,022000,0,002602,0,00000000000,000000,,0.0,00000000000,202109,0,2,0,1,0,0,0,0,0,0,00,0,0,0,0,00,0,0,0,0,0,000000000,000000000
4,01,61858001,857650,02587,00,0,A,P,,331000,,002603,0,007000,000000,0,002609,0,00000000000,000000,,0.0,00000000000,202109,0,2,1,1,0,252,0,0,0,0,00,0,0,0,0,00,0,7,0,0,0,000000000,000000000
4,01,61858001,872252,03465,00,0,1,P,,331000,,002610,0,000000,000000,0,002615,0,00000000000,000000,,0.0,00000000000,202109,0,2,0,1,0,0,0,0,0,0,00,0,0,0,0,00,0,0,0,0,0,000000000,000000000
4,01,61858001,931327,01203,00,0,A,P,,331000,,002616,0,000000,005000,0,002620,0,00000000000,000000,,0.0,00000000000,202109,0,2,0,2,5,0,0,0,0,0,00,0,0,0,0,00,0,0,0,0,0,000000000,000000000
4,01,61858001,931327,01214,00,0,A,P,,331000,,002621,0,000000,027000,0,002854,0,00000000000,000000,OSUM,0.0,00000000000,202109,0,2,32,1,0,7452,0,0,0,0,00,0,0,0,0,00,0,99,0,0,0,000000000,000000000
4,01,61858001,931327,01226,00,0,A,P,,331000,,002855,0,000000,004000,0,002904,0,00000000000,000007,,0.0,00000000000,202109,0,2,7,1,0,1836,0,0,0,0,00,0,0,0,0,00,0,24,0,0,0,000000000,000000000
4,01,61858001,931327,01239,00,0,A,P,,331000,,002905,0,000000,002000,0,002921,0,00000000000,000000,,0.0,00000000000,202109,0,2,5,1,0,540,0,0,0,0,00,0,0,0,0,00,0,13,0,0,0,000000000,000000000
4,01,61858001,931327,01242,00,0,A,P,,331000,,002922,0,000000,013000,0,003064,0,00000000000,000000,,0.0,00000000000,202109,0,2,23,1,0,4680,0,0,0,0,00,0,0,0,0,00,0,64,0,0,0,000000000,000000000
4,01,61858001,931327,01244,00,0,A,P,,331000,,003065,0,000000,003000,0,003129,0,00000000000,000000,,0.0,00000000000,202109,0,2,5,1,0,2232,0,0,0,0,00,0,0,0,0,00,0,18,0,0,0,000000000,000000000
4,01,61858001,931327,02770,00,0,A,P,,331000,,003130,0,000000,000000,0,003151,0,00000000000,000000,,0.0,00000000000,202109,0,2,5,1,0,792,0,0,0,0,00,0,0,0,0,00,0,12,0,0,0,000000000,000000000
4,01,61858001,931327,02891,00,0,A,P,,331000,,003152,0,000000,008000,0,003244,0,00000000000,000000,,0.0,00000000000,202109,0,2,13,1,0,3240,0,0,0,0,00,0,0,0,0,00,0,43,0,0,0,000000000,000000000
4,01,65213001,247628,01285,00,0,A,P,,453000,,003245,0,012000,000000,0,003256,2,00000000000,000012,,0.0,00000000000,202109,0,2,4,1,0,432,0,0,0,0,00,0,0,0,0,00,0,3,0,0,0,000000000,000000000
4,01,73310001,647284,01401,00,0,1,P,,013000,,003257,0,002000,000000,0,003258,0,00000000000,000040,,0.0,00000000000,202109,0,2,15,2,0,292,0,0,0,0,00,0,0,0,0,00,0,6,0,0,1,000000000,000000000
4,01,73320500,537025,01417,00,0,1,P,,013000,,003259,0,003001,000000,0,003262,4,00000000000,000135,0,0.0,00000000000,202109,0,2,5,1,0,656,0,0,0,0,00,0,0,0,0,00,0,5,0,0,0,000000000,000000000
4,01,77855500,082590,01434,00,0,1,S,,283000,,003263,0,000000,001000,0,003263,0,00000000000,000000,,0.0,00000000000,202109,0,2,0,2,5,0,0,0,0,0,00,0,0,0,0,00,0,0,0,0,0,000000000,000000000
4,01,77855500,082590,01437,00,0,A,P,,283000,,003264,0,000000,003000,0,003270,0,00000000000,000000,,0.0,00000000000,202109,0,2,0,1,0,0,0,0,0,0,00,0,0,0,0,00,0,0,0,0,0,000000000,000000000
4,01,77855500,082590,03450,00,0,1,P,,283000,,003271,0,000000,011000,0,003282,0,00000000000,000000,,0.0,00000000000,202109,0,2,0,1,0,0,0,0,0,0,00,0,0,0,0,00,0,0,0,0,0,000000000,000000000
4,01,77855500,302568,01435,00,0,A,P,,283000,,003283,0,004000,001000,0,003288,0,00000000000,000001,,0.0,00000000000,202109,0,2,2,1,0,108,0,0,0,0,00,0,0,0,0,00,0,2,0,0,0,000000000,000000000
4,01,79451750,149477,02082,00,0,1,P,,323000,,003289,0,247293,356000,0,004186,0,00000000000,007642,RECALCULATE UNIT,0.0,00000000000,202109,0,2,699,2,0,43272,0,0,0,0,00,0,0,0,0,00,0,775,0,0,0,000000000,000000000
4,01,79905001,033877,01486,00,0,A,P,,055000,,004187,0,000000,000000,0,004188,0,00000000000,000000,UNIT OVERPRODUCED WHEN CHECKED 4/01 SHUT-IN LIST/CAN'T,0.0,00000000000,202109,0,2,0,0,0,0,0,0,0,0,00,0,0,0,0,00,0,0,0,0,0,000000000,000000000
4,01,79905001,040674,01449,00,0,A,P,,055000,,004189,0,006000,000000,0,004194,0,00000000000,000130,,0.0,00000000000,202109,0,2,6,2,0,360,0,0,0,0,00,0,0,0,0,00,0,7,0,0,0,000000000,000000000
4,01,79905001,040674,01482,00,0,A,P,,055000,,004195,0,003000,000000,0,004196,0,00000000000,000018,,0.0,00000000000,202109,0,2,5,0,0,180,0,0,0,0,00,0,0,0,0,00,0,3,0,0,0,000000000,000000000
4,01,79905001,040674,01496,00,0,A,P,,055000,,004197,0,019000,000000,0,004215,0,00000000000,000152,,0.0,00000000000,202109,0,2,25,1,0,1140,0,0,0,0,00,0,0,0,0,00,0,18,0,0,0,000000000,000000000
4,01,79905001,040674,01525,00,0,A,P,,055000,,004216,0,006001,000000,0,004222,0,00000000000,000318,,0.0,00000000000,202109,0,2,8,1,0,420,0,0,0,0,00,0,0,0,0,00,0,18,0,0,1,000000000,000000000
4,01,79905001,042199,01505,00,0,1,P,,055000,,004223,0,000000,000000,0,004230,0,00000000000,000055,,0.0,00000000000,202109,0,2,5,1,0,480,0,0,0,0,00,0,0,0,0,00,0,4,0,0,1,000000000,000000000
4,01,79905001,229342,01493,00,0,A,P,,055000,,004231,0,006000,000000,0,004236,0,00000000000,000034,,0.0,00000000000,202109,0,2,7,1,0,360,0,0,0,0,00,0,0,0,0,00,0,6,0,0,0,000000000,000000000
4,01,79905001,229342,01495,00,0,A,P,,055000,,004237,0,008000,000000,0,004244,0,00000000000,000050,,0.0,00000000000,202109,0,2,5,1,0,480,0,0,0,0,00,0,0,0,0,00,0,4,0,0,0,000000000,000000000
4,01,79905001,238351,01462,00,0,A,S,,055000,,004245,0,000000,038000,0,004245,0,00000000000,000000,,0.0,00000000000,202109,0,2,0,2,5,0,0,0,0,0,00,0,0,0,0,00,0,0,0,0,0,000000000,000000000
4,01,79905001,246238,01461,00,0,A,P,,055000,,004246,0,004000,000000,0,004249,0,00000000000,000077,,0.0,00000000000,202109,0,2,3,1,0,240,0,0,0,0,00,0,0,0,0,00,0,3,0,0,0,000000000,000000000
4,01,79905001,246238,01510,00,0,A,P,,055000,,004250,0,001000,000000,0,004250,0,00000000000,000005,,0.0,00000000000,202109,0,2,1,1,0,60,0,0,0,0,00,0,0,0,0,00,0,1,0,0,0,000000000,000000000
4,01,79905001,337490,01530,00,0,A,P,,055000,,004251,0,000000,001000,0,004251,0,00000000000,000010,,0.0,00000000000,202109,0,2,1,1,0,0,0,0,0,0,00,0,0,0,0,00,0,1,0,0,0,000000000,000000000
4,01,79905001,355777,01456,00,0,A,P,,055000,,004252,0,000000,000000,0,004255,0,00000000000,000008,,0.0,00000000000,202109,0,2,5,1,0,240,0,0,0,0,00,0,0,0,0,00,0,5,0,0,1,000000000,000000000
4,01,79905001,480250,01491,00,0,A,P,,055000,,004256,0,029001,000000,0,004285,0,00000000000,001284,,0.0,00000000000,202109,0,2,42,1,0,1800,0,0,0,0,00,0,0,0,0,00,0,30,0,0,1,000000000,000000000
4,01,79905001,767949,01481,00,0,A,P,,055000,,004286,0,000000,000000,0,004286,0,00000000000,000000,,0.0,00000000000,202109,0,2,0,1,0,0,0,0,0,0,00,0,0,0,0,00,0,0,0,0,0,000000000,000000000
4,01,79905001,767949,01483,00,0,A,P,,055000,,004287,0,000000,002000,0,004288,0,00000000000,000023,,0.0,00000000000,202109,0,2,2,1,0,120,0,0,0,0,00,0,0,0,0,00,0,1,0,0,1,000000000,000000000
4,01,79905001,856467,01455,00,0,A,P,,055000,,004289,0,000000,004000,0,004292,0,00000000000,000016,,0.0,00000000000,202109,0,2,12,1,0,240,0,0,0,0,00,0,0,0,0,00,0,6,0,0,1,000000000,000000000
4,01,84560001,123614,01611,00,0,A,P,,013000,,004293,0,003000,000000,0,004295,0,00000000000,000000,,0.0,00000000000,202109,0,2,1,1,0,216,0,0,0,0,00,0,0,0,0,00,0,0,0,0,1,000000000,000000000
4,01,84560001,123614,01632,00,0,A,P,,013000,,004296,0,000000,002000,0,004297,0,00000000000,000000,3,0.0,00000000000,202109,0,2,1,1,0,144,0,0,0,0,00,0,0,0,0,00,0,0,0,0,1,000000000,000000000
4,01,84560001,123870,01653,00,0,A,P,,013029,,004298,0,000000,015000,0,004312,0,00000000000,000000,CORRECT ALLOWABLE,0.0,00000000000,202109,0,2,5,1,0,1080,0,0,0,0,00,0,0,0,0,00,0,8,0,0,0,000000000,000000000
4,01,84560001,227627,03219,00,0,A,P,,029000,,004313,0,005000,000000,0,004317,0,00000000000,000010,,0.0,00000000000,202109,0,2,5,1,0,360,0,0,0,0,00,0,0,0,0,00,0,5,0,0,0,000000000,000000000
4,01,84560001,256479,01652,00,0,A,P,,013000,,004318,0,000000,000000,0,004320,0,00000000000,000000,,0.0,00000000000,202109,0,2,0,1,0,0,0,0,0,0,00,0,0,0,0,00,0,0,0,0,0,000000000,000000000
4,01,84560001,328746,01639,00,0,A,S,,029000,,004321,0,000000,002000,0,004321,0,00000000000,000000,,0.0,00000000000,202109,0,2,0,2,5,0,0,0,0,0,00,0,0,0,0,00,0,0,0,0,0,000000000,000000000
4,01,84560001,429629,01599,00,0,A,P,,013029,,004322,0,009000,000000,0,004330,0,00000000000,000090,,0.0,00000000000,202109,0,2,15,1,0,648,0,0,0,0,00,0,0,0,0,00,0,15,0,0,1,000000000,000000000
4,01,84560001,448892,10931,00,0,A,P,,029000,,004331,0,005000,000000,0,004335,0,00000000000,000010,,0.0,00000000000,202109,0,2,2,1,0,360,0,0,0,0,00,0,0,0,0,00,0,2,0,0,0,000000000,000000000
4,01,84560001,484664,03111,00,0,1,P,,029000,,004336,0,002000,000000,0,004337,0,00000000000,000000,,0.0,00000000000,202109,0,2,2,1,0,144,0,0,0,0,00,0,0,0,0,00,0,2,0,0,0,000000000,000000000
4,01,84560001,660025,01614,00,0,A,P,,029000,,004338,0,000000,003000,0,004345,0,00000000000,000000,,0.0,00000000000,202109,0,2,2,1,0,432,0,0,0,0,00,0,0,0,0,00,0,2,0,0,0,000000000,000000000
4,01,84560001,660025,01616,00,0,A,P,,013029,,004346,0,000000,001000,0,004348,0,00000000000,000000,,0.0,00000000000,202109,0,2,1,1,0,144,0,0,0,0,00,0,0,0,0,00,0,1,0,0,0,000000000,000000000
4,01,84560001,660025,01617,00,0,A,S,,013000,,004349,0,001000,000000,0,004349,0,00000000000,000000,,0.0,00000000000,202109,0,2,1,1,0,72,0,0,0,0,00,0,0,0,0,00,0,1,0,0,0,000000000,000000000
4,01,84560001,660025,01618,00,0,A,S,,013000,,004350,0,001000,000000,0,004350,0,00000000000,000000,,0.0,00000000000,202109,0,2,1,1,0,72,0,0,0,0,00,0,0,0,0,00,0,1,0,0,1,000000000,000000000
4,01,84560001,660025,01619,00,0,A,P,,013000,,004351,0,000000,001000,0,004352,0,00000000000,000000,,0.0,00000000000,202109,0,2,1,1,0,72,0,0,0,0,00,0,0,0,0,00,0,1,0,0,0,000000000,000000000
4,01,84560001,660025,01623,00,0,A,S,,013000,,004353,0,001000,000000,0,004353,0,00000000000,000000,,0.0,00000000000,202109,0,2,1,1,0,72,0,0,0,0,00,0,0,0,0,00,0,1,0,0,1,000000000,000000000
4,01,84560001,660025,01638,00,0,A,P,,013000,,004354,0,000000,002000,0,004364,0,00000000000,000000,,0.0,00000000000,202109,0,2,6,1,0,792,0,0,0,0,00,0,0,0,0,00,0,6,0,0,0,000000000,000000000
4,01,84560001,660025,02084,00,0,A,P,,013000,,004365,0,000000,002000,0,004370,0,00000000000,000000,,0.0,00000000000,202109,0,2,2,1,0,288,0,0,0,0,00,0,0,0,0,00,0,2,0,0,0,000000000,000000000
4,01,84560001,660025,02246,00,0,A,P,,013000,,004371,0,000000,001000,0,004373,0,00000000000,000000,,0.0,00000000000,202109,0,2,1,1,0,144,0,0,0,0,00,0,0,0,0,00,0,1,0,0,0,000000000,000000000
4,01,84560001,660025,02824,00,0,A,P,,029000,,004374,0,000000,000000,0,004380,0,00000000000,000000,,0.0,00000000000,202109,0,2,3,1,0,504,0,0,0,0,00,0,0,0,0,00,0,3,0,0,1,000000000,000000000
4,01,84560001,660025,03113,00,0,A,P,,029000,,004381,0,000000,001000,0,004395,0,00000000000,000000,,0.0,00000000000,202109,0,2,5,1,0,1008,0,0,0,0,00,0,0,0,0,00,0,5,0,0,0,000000000,000000000
4,01,84560001,660025,03140,00,0,A,P,,029000,,004396,0,000000,002000,0,004399,0,00000000000,000000,,0.0,00000000000,202109,0,2,1,1,0,144,0,0,0,0,00,0,0,0,0,00,0,1,0,0,0,000000000,000000000
4,01,84560001,660025,03191,00,0,A,P,,029000,,004400,0,000000,001000,0,004408,0,00000000000,000000,,0.0,00000000000,202109,0,2,3,1,0,576,0,0,0,0,00,0,0,0,0,00,0,3,0,0,0,000000000,000000000
4,01,84560001,660025,03197,00,0,A,P,,029000,,004409,0,000000,000000,0,004416,0,00000000000,000000,,0.0,00000000000,202109,0,2,4,1,0,576,0,0,0,0,00,0,0,0,0,00,0,4,0,0,0,000000000,000000000
4,01,84560001,660025,03217,00,0,A,P,,029000,,004417,0,000000,000000,0,004419,0,00000000000,000000,,0.0,00000000000,202109,0,2,1,1,0,216,0,0,0,0,00,0,0,0,0,00,0,1,0,0,1,000000000,000000000
4,01,84560001,660025,03251,00,0,A,P,,029000,,004420,0,000000,001000,0,004423,0,00000000000,000000,,0.0,00000000000,202109,0,2,2,1,0,216,0,0,0,0,00,0,0,0,0,00,0,2,0,0,0,000000000,000000000
4,01,84560001,660025,03340,00,0,A,P,,029000,,004424,0,000000,001000,0,004427,0,00000000000,000000,,0.0,00000000000,202109,0,2,3,1,0,216,0,0,0,0,00,0,0,0,0,00,0,3,0,0,0,000000000,000000000
4,01,84560001,660025,03351,00,0,A,P,,029000,,004428,0,000000,002000,0,004429,0,00000000000,000000,0,0.0,00000000000,202109,0,2,0,1,0,0,0,0,0,0,00,0,0,0,0,00,0,0,0,0,0,000000000,000000000
4,01,84560001,660025,03365,00,0,A,P,,029000,,004430,0,000000,001000,0,004441,0,00000000000,000000,,0.0,00000000000,202109,0,2,5,1,0,864,0,0,0,0,00,0,0,0,0,00,0,5,0,0,1,000000000,000000000
4,01,84560001,660025,03677,00,0,1,P,,029000,,004442,0,000000,000000,0,004445,0,00000000000,000000,,0.0,00000000000,202109,0,2,0,0,0,0,0,0,0,0,00,0,0,0,0,00,0,1,0,0,0,000000000,000000000
4,01,84560001,660025,04079,00,0,A,P,,029013,,004446,0,000000,000000,0,004453,0,00000000000,000000,,0.0,00000000000,202109,0,2,2,1,0,576,0,0,0,0,00,0,0,0,0,00,0,2,0,0,0,000000000,000000000
4,01,84560001,660025,10898,00,0,A,P,,029000,,004454,0,000000,000000,0,004461,0,00000000000,000000,,0.0,00000000000,202109,0,2,1,1,0,576,0,0,0,0,00,0,0,0,0,00,0,1,0,0,1,000000000,000000000
4,01,84560001,660025,10901,00,0,A,S,,029000,,004462,0,000000,001000,0,004462,0,00000000000,000000,,0.0,00000000000,202109,0,2,0,2,5,0,0,0,0,0,00,0,0,0,0,00,0,0,0,0,0,000000000,000000000
4,01,84560001,660025,11132,00,0,A,P,,029000,,004463,0,000000,001000,0,004468,0,00000000000,000000,,0.0,00000000000,202109,0,2,0,1,0,0,0,0,0,0,00,0,0,0,0,00,0,1,0,0,0,000000000,000000000
4,01,84560001,660025,11225,00,0,A,P,,029000,,004469,0,000000,000000,0,004470,0,00000000000,000000,,0.0,00000000000,202109,0,2,3,1,0,144,0,0,0,0,00,0,0,0,0,00,0,1,0,0,0,000000000,000000000
4,01,84560001,660025,11236,00,0,A,P,,029000,,004471,0,000000,000000,0,004473,0,00000000000,000000,,0.0,00000000000,202109,0,2,0,0,0,0,0,0,0,0,00,0,0,0,0,00,0,2,0,0,0,000000000,000000000
4,01,84560001,660027,02455,00,0,A,P,,013000,,004474,0,006000,000000,0,004479,0,00000000000,000012,,0.0,00000000000,202109,0,2,2,1,0,432,0,0,0,0,00,0,0,0,0,00,0,2,0,0,0,000000000,000000000
4,01,84560001,680845,10897,00,0,A,P,,029000,,004480,0,018000,000000,0,004497,0,00000000000,000000,,0.0,00000000000,202109,0,2,3,1,0,1296,0,0,0,0,00,0,0,0,0,00,0,3,0,0,0,000000000,000000000
4,01,84560001,693648,01604,00,0,A,P,,029000,,004498,0,000000,000000,0,004500,0,00000000000,000000,,0.0,00000000000,202109,0,2,0,1,0,0,0,0,0,0,00,0,0,0,0,00,0,0,0,0,0,000000000,000000000
4,01,84560001,696655,03383,00,0,A,P,,029000,,004501,0,003000,000000,0,004503,0,00000000000,000008,,0.0,00000000000,202109,0,2,5,1,0,216,0,0,0,0,00,0,0,0,0,00,0,6,0,0,0,000000000,000000000
4,01,84560001,761710,01651,00,0,A,P,,013000,,004504,0,000000,021000,0,004524,0,00000000000,000000,,0.0,00000000000,202109,0,2,6,1,0,1512,0,0,0,0,00,0,0,0,0,00,0,11,0,0,1,000000000,000000000
4,01,84560001,761710,03389,00,0,A,P,,029000,,004525,0,000000,000000,0,004550,0,00000000000,000000,,0.0,00000000000,202109,0,2,7,1,0,1872,0,0,0,0,00,0,0,0,0,00,0,12,0,0,1,000000000,000000000
4,01,84560001,761710,03547,00,0,A,P,,029000,,004551,0,000000,003000,0,004553,0,00000000000,000000,,0.0,00000000000,202109,0,2,2,1,0,216,0,0,0,0,00,0,0,0,0,00,0,2,0,0,0,000000000,000000000
4,01,84560001,761710,03566,00,0,A,P,,029000,,004554,0,000000,004000,0,004557,0,00000000000,000000,,0.0,00000000000,202109,0,2,2,1,0,288,0,0,0,0,00,0,0,0,0,00,0,2,0,0,0,000000000,000000000
4,01,84560001,761710,03567,00,0,A,P,,029000,,004558,0,000000,006000,0,004563,0,00000000000,000000,,0.0,00000000000,202109,0,2,2,1,0,432,0,0,0,0,00,0,0,0,0,00,0,2,0,0,0,000000000,000000000
4,01,84560001,761710,11215,00,0,A,P,,029000,,004564,0,000000,011000,0,004574,0,00000000000,000000,,0.0,00000000000,202109,0,2,5,1,0,792,0,0,0,0,00,0,0,0,0,00,0,5,0,0,0,000000000,000000000
4,01,84560001,761710,11217,00,0,A,P,,029000,,004575,0,000000,012000,0,004586,0,00000000000,000000,,0.0,00000000000,202109,0,2,1,1,0,864,0,0,0,0,00,0,0,0,0,00,0,8,0,0,0,000000000,000000000
4,01,84560001,761710,11218,00,0,A,P,,029000,,004587,0,000000,007000,0,004593,0,00000000000,000000,,0.0,00000000000,202109,0,2,4,1,0,504,0,0,0,0,00,0,0,0,0,00,0,4,0,0,0,000000000,000000000
4,01,84560001,761710,11219,00,0,A,P,,029000,,004594,0,000000,014000,0,004607,0,00000000000,000000,,0.0,00000000000,202109,0,2,5,1,0,1008,0,0,0,0,00,0,0,0,0,00,0,6,0,0,0,000000000,000000000
4,01,84560001,761710,11220,00,0,A,P,,029000,,004608,0,000000,007000,0,004614,0,00000000000,000000,,0.0,00000000000,202109,0,2,3,1,0,504,0,0,0,0,00,0,0,0,0,00,0,3,0,0,0,000000000,000000000
4,01,84560001,761710,11222,00,0,A,P,,029000,,004615,0,013000,013000,0,004627,0,00000000000,000000,,0.0,00000000000,202109,0,2,5,1,0,936,0,0,0,0,00,0,0,0,0,00,0,6,0,0,0,000000000,000000000
4,01,84560001,761710,11223,00,0,A,P,,029000,,004628,0,000000,021000,0,004648,0,00000000000,000000,,0.0,00000000000,202109,0,2,5,1,0,1512,0,0,0,0,00,0,0,0,0,00,0,10,0,0,0,000000000,000000000
4,01,84560001,761710,11226,00,0,A,P,,029000,,004649,0,014000,000000,0,004662,0,00000000000,000000,,0.0,00000000000,202109,0,2,5,1,0,1008,0,0,0,0,00,0,0,0,0,00,0,7,0,0,0,000000000,000000000
4,01,84560001,761710,11227,00,0,A,P,,029000,,004663,0,007000,000000,0,004669,0,00000000000,000000,,0.0,00000000000,202109,0,2,3,1,0,504,0,0,0,0,00,0,0,0,0,00,0,3,0,0,0,000000000,000000000
4,01,84560001,761710,11229,00,0,A,P,,029000,,004670,0,007000,000000,0,004676,0,00000000000,000000,,0.0,00000000000,202109,0,2,5,1,0,504,0,0,0,0,00,0,0,0,0,00,0,5,0,0,0,000000000,000000000
4,01,84560001,761710,11232,00,0,A,P,,029000,,004677,0,000000,000000,0,004684,0,00000000000,000000,,0.0,00000000000,202109,0,2,3,1,0,576,0,0,0,0,00,0,0,0,0,00,0,3,0,0,0,000000000,000000000
4,01,84560001,761710,11233,00,0,A,P,,029000,,004685,0,024000,000000,0,004708,0,00000000000,000000,,0.0,00000000000,202109,0,2,5,1,0,1656,0,0,0,0,00,0,0,0,0,00,0,9,0,0,0,000000000,000000000
4,01,84560001,761710,11234,00,0,A,P,,029000,,004709,0,003000,000000,0,004711,0,00000000000,000000,,0.0,00000000000,202109,0,2,1,1,0,216,0,0,0,0,00,0,0,0,0,00,0,1,0,0,0,000000000,000000000
4,01,84560001,761710,11237,00,0,A,P,,029000,,004712,0,003000,000000,0,004714,0,00000000000,000000,,0.0,00000000000,202109,0,2,1,1,0,216,0,0,0,0,00,0,0,0,0,00,0,1,0,0,0,000000000,000000000
4,01,84560001,806316,11216,00,0,A,P,,029000,,004715,0,006000,000000,0,004720,0,00000000000,000000,,0.0,00000000000,202109,0,2,2,1,0,432,0,0,0,0,00,0,0,0,0,00,0,2,0,0,0,000000000,000000000
4,01,84560001,806316,11228,00,0,A,P,,029000,,004721,0,004000,000000,0,004724,0,00000000000,000000,,0.0,00000000000,202109,0,2,1,1,0,288,0,0,0,0,00,0,0,0,0,00,0,1,0,0,0,000000000,000000000
4,01,84560001,806316,11230,00,0,A,P,,029000,,004725,0,010000,000000,0,004734,0,00000000000,000000,,0.0,00000000000,202109,0,2,3,1,0,720,0,0,0,0,00,0,0,0,0,00,0,3,0,0,0,000000000,000000000
4,01,84560001,848010,10896,00,0,A,P,,029000,,004735,0,000000,000000,0,004740,0,00000000000,000000,,0.0,00000000000,202109,0,2,11,1,0,360,0,0,0,0,00,0,0,0,0,00,0,10,0,0,0,000000000,000000000
4,01,84560001,848010,10899,00,0,A,P,,029000,,004741,0,001000,000000,0,004742,0,00000000000,000000,,0.0,00000000000,202109,0,2,3,1,0,144,0,0,0,0,00,0,0,0,0,00,0,3,0,0,0,000000000,000000000
4,01,84560001,848010,10900,00,0,A,P,,029000,,004743,0,002000,000000,0,004744,0,00000000000,000000,,0.0,00000000000,202109,0,2,3,1,0,144,0,0,0,0,00,0,0,0,0,00,0,3,0,0,0,000000000,000000000
4,01,84560001,875300,01627,00,0,A,P,,029000,,004745,0,004000,001000,0,004749,0,00000000000,000000,,0.0,00000000000,202109,0,2,3,1,0,288,0,0,0,0,00,0,0,0,0,00,0,3,0,0,0,000000000,000000000
4,01,84560001,875300,01628,00,0,A,P,,029000,,004750,0,006000,000000,0,004755,0,00000000000,000000,,0.0,00000000000,202109,0,2,4,1,0,432,0,0,0,0,00,0,0,0,0,00,0,2,0,0,0,000000000,000000000
4,01,84560001,875300,02011,00,0,A,P,,029000,,004756,0,017000,002000,0,004774,0,00000000000,000000,,0.0,00000000000,202109,0,2,5,1,0,1224,0,0,0,0,00,0,0,0,0,00,0,7,0,0,0,000000000,000000000
4,01,84560001,875300,02549,00,0,A,P,,029000,,004775,0,002000,002000,0,004778,0,00000000000,000000,,0.0,00000000000,202109,0,2,2,1,0,144,0,0,0,0,00,0,0,0,0,00,0,2,0,0,0,000000000,000000000
4,01,84560001,875300,02697,00,0,A,P,,029000,,004779,0,003000,000000,0,004781,0,00000000000,000000,,0.0,00000000000,202109,0,2,2,1,0,216,0,0,0,0,00,0,0,0,0,00,0,1,0,0,0,000000000,000000000
4,01,84798001,806072,01666,00,0,A,P,,029000,,004782,0,000000,003000,0,004784,0,00000000000,000000,,0.0,00000000000,202109,0,2,0,1,0,0,0,0,0,0,00,0,0,0,0,00,0,0,0,0,0,000000000,000000000
4,01,88534001,016943,03602,00,0,A,P,,325000,,004785,0,000000,005000,0,004789,0,00000000000,000000,,0.0,00000000000,202109,0,2,1,1,0,180,0,0,0,0,00,0,0,0,0,00,0,1,0,0,1,000000000,000000000
4,01,88534001,110016,01998,00,0,A,P,,325000,,004790,0,009001,000000,0,004799,0,00000000000,000000,,0.0,00000000000,202109,0,2,3,1,0,360,0,0,0,0,00,0,0,0,0,00,0,3,0,0,0,000000000,000000000
4,01,88534001,110016,03335,00,0,A,P,,325000,,004800,0,065001,000000,0,004865,0,00000000000,000000,,0.0,00000000000,202109,0,2,20,1,0,2376,0,0,0,0,00,0,0,0,0,00,0,20,0,0,0,000000000,000000000
4,01,88534001,120554,03040,00,0,A,P,,325000,,004866,0,000000,009000,0,004874,0,00000000000,000000,,0.0,00000000000,202109,0,2,0,2,5,0,0,0,0,0,00,0,0,0,0,00,0,0,0,0,0,000000000,000000000
4,01,88534001,469907,01712,00,0,A,P,,325000,,004875,0,068000,000000,0,004942,0,00000000000,000000,,0.0,00000000000,202109,0,2,16,1,0,2448,0,0,0,0,00,0,0,0,0,00,0,13,0,0,1,000000000,000000000
4,01,88534001,469907,02551,00,0,A,P,,325000,,004943,0,017000,000000,0,004959,0,00000000000,000000,,0.0,00000000000,202109,0,2,7,1,0,612,0,0,0,0,00,0,0,0,0,00,0,5,0,0,1,000000000,000000000
4,01,88534001,469908,01719,00,0,A,P,,325000,,004960,0,014000,000000,0,004973,0,00000000000,000000,,0.0,00000000000,202109,0,2,3,1,0,504,0,0,0,0,00,0,0,0,0,00,0,3,0,0,0,000000000,000000000
4,01,88534001,469908,02018,00,0,A,P,,325000,,004974,0,003000,000000,0,004976,0,00000000000,000000,,0.0,00000000000,202109,0,2,2,1,0,108,0,0,0,0,00,0,0,0,0,00,0,2,0,0,0,000000000,000000000
4,01,88534001,469908,02032,00,0,A,P,,325000,,004977,0,010000,000000,0,004986,0,00000000000,000000,,0.0,00000000000,202109,0,2,3,1,0,360,0,0,0,0,00,0,0,0,0,00,0,3,0,0,0,000000000,000000000
4,01,88534001,469908,02948,00,0,A,P,,325000,,004987,0,007000,000000,0,004993,0,00000000000,000000,,0.0,00000000000,202109,0,2,3,1,0,252,0,0,0,0,00,0,0,0,0,00,0,3,0,0,0,000000000,000000000
4,01,88534001,469908,03665,00,0,A,P,,325000,,004994,0,015000,000000,0,005008,0,00000000000,000000,,0.0,00000000000,202109,0,2,8,1,0,0,0,0,0,0,00,0,0,0,0,00,0,10,0,2000,1,000000000,000000000
4,01,88534001,680845,01710,00,0,A,P,,325000,,005009,0,017000,000000,0,005025,0,00000000000,000000,,0.0,00000000000,202109,0,2,4,1,0,612,0,0,0,0,00,0,0,0,0,00,0,4,0,0,1,000000000,000000000
4,01,88534001,680845,01723,00,0,A,P,,325000,,005026,0,036000,000000,0,005061,0,00000000000,000000,,0.0,00000000000,202109,0,2,13,1,0,1296,0,0,0,0,00,0,0,0,0,00,0,13,0,0,1,000000000,000000000
4,01,88534001,680845,01724,00,0,A,P,,325000,,005062,0,018000,000000,0,005079,0,00000000000,000000,,0.0,00000000000,202109,0,2,3,1,0,648,0,0,0,0,00,0,0,0,0,00,0,3,0,0,1,000000000,000000000
4,01,88534001,680845,01829,00,0,A,P,,325000,,005080,0,013000,000000,0,005092,0,00000000000,000000,,0.0,00000000000,202109,0,2,4,1,0,468,0,0,0,0,00,0,0,0,0,00,0,4,0,0,1,000000000,000000000
4,01,88534001,680845,01865,00,0,A,P,,325000,,005093,0,010000,000000,0,005102,0,00000000000,000000,,0.0,00000000000,202109,0,2,3,1,0,360,0,0,0,0,00,0,0,0,0,00,0,3,0,0,1,000000000,000000000
4,01,88534001,680845,01959,00,0,A,P,,325000,,005103,0,023000,000000,0,005125,0,00000000000,000000,,0.0,00000000000,202109,0,2,4,1,0,828,0,0,0,0,00,0,0,0,0,00,0,4,0,0,1,000000000,000000000
4,01,88534001,680845,02189,00,0,A,P,,325000,,005126,0,014000,003000,0,005142,0,00000000000,000000,,0.0,00000000000,202109,0,2,3,1,0,612,0,0,0,0,00,0,0,0,0,00,0,3,0,0,1,000000000,000000000
4,01,88534001,727180,01722,00,0,A,P,,325000,,005143,0,000000,009000,0,005151,0,00000000000,000005,,0.0,00000000000,202109,0,2,12,1,0,0,0,0,0,0,00,0,0,0,0,00,0,13,0,0,1,000000000,000000000
4,01,88534001,848010,01713,00,0,A,P,,325000,,005152,0,012000,000000,0,005163,0,00000000000,000003,,0.0,00000000000,202109,0,2,5,1,0,432,0,0,0,0,00,0,0,0,0,00,0,12,0,0,0,000000000,000000000
4,01,88534001,848010,01714,00,0,A,P,,325000,,005164,0,013000,000000,0,005176,0,00000000000,000004,,0.0,00000000000,202109,0,2,5,1,0,468,0,0,0,0,00,0,0,0,0,00,0,15,0,0,0,000000000,000000000
4,01,88534001,848010,01718,00,0,A,P,,325000,,005177,0,007000,000000,0,005183,0,00000000000,000003,,0.0,00000000000,202109,0,2,5,1,0,252,0,0,0,0,00,0,0,0,0,00,0,8,0,0,0,000000000,000000000
4,01,88534001,848010,01720,00,0,A,P,,325000,,005184,0,031000,000000,0,005214,0,00000000000,000007,,0.0,00000000000,202109,0,2,31,1,0,1116,0,0,0,0,00,0,0,0,0,00,0,31,0,0,0,000000000,000000000
4,01,88534001,848010,01725,00,0,A,P,,325000,,005215,0,008000,000000,0,005222,0,00000000000,000001,,0.0,00000000000,202109,0,2,5,1,0,288,0,0,0,0,00,0,0,0,0,00,0,8,0,0,0,000000000,000000000
4,01,88534001,848010,01728,00,0,A,P,,325000,,005223,0,007000,000000,0,005229,0,00000000000,000001,,0.0,00000000000,202109,0,2,5,1,0,252,0,0,0,0,00,0,0,0,0,00,0,7,0,0,0,000000000,000000000
4,01,88534001,848010,01879,00,0,A,P,,325000,,005230,0,012000,000000,0,005241,0,00000000000,000001,,0.0,00000000000,202109,0,2,5,1,0,432,0,0,0,0,00,0,0,0,0,00,0,12,0,0,0,000000000,000000000
4,01,88534001,848010,01882,00,0,A,P,,325000,,005242,0,016000,000000,0,005257,0,00000000000,000002,,0.0,00000000000,202109,0,2,5,1,0,576,0,0,0,0,00,0,0,0,0,00,0,17,0,0,0,000000000,000000000
4,01,88534001,848010,01900,00,0,A,P,,325000,,005258,0,005000,000000,0,005262,0,00000000000,000001,,0.0,00000000000,202109,0,2,5,1,0,180,0,0,0,0,00,0,0,0,0,00,0,6,0,0,0,000000000,000000000
4,01,88534001,848010,02052,00,0,A,P,,325000,,005263,0,029000,000000,0,005292,0,00000000000,000017,,0.0,00000000000,202109,0,2,7,1,0,1080,0,0,0,0,00,0,0,0,0,00,0,32,0,0,0,000000000,000000000
4,01,88534001,848010,02101,00,0,A,P,,325000,,005293,0,000000,000000,0,005300,0,00000000000,000001,,0.0,00000000000,202109,0,2,5,1,0,288,0,0,0,0,00,0,0,0,0,00,0,8,0,0,0,000000000,000000000
4,01,88534001,848010,02155,00,0,A,P,,325000,,005301,0,035000,000000,0,005335,0,00000000000,000005,,0.0,00000000000,202109,0,2,36,1,0,1260,0,0,0,0,00,0,0,0,0,00,0,36,0,0,0,000000000,000000000
4,01,88534001,848010,02379,00,0,A,P,,325000,,005336,0,010000,000000,0,005345,0,00000000000,000002,,0.0,00000000000,202109,0,2,11,1,0,360,0,0,0,0,00,0,0,0,0,00,0,11,0,0,0,000000000,000000000
4,01,88534001,848010,02458,00,0,A,P,,325000,,005346,0,008000,000000,0,005353,0,00000000000,000001,,0.0,00000000000,202109,0,2,5,1,0,288,0,0,0,0,00,0,0,0,0,00,0,8,0,0,0,000000000,000000000
4,01,88534001,848010,02495,00,0,A,P,,325000,,005354,0,011000,000000,0,005364,0,00000000000,000002,,0.0,00000000000,202109,0,2,5,1,0,396,0,0,0,0,00,0,0,0,0,00,0,12,0,0,0,000000000,000000000
4,01,88534001,848010,03398,00,0,A,P,,325000,,005365,0,017000,000000,0,005381,0,00000000000,000002,,0.0,00000000000,202109,0,2,18,1,0,612,0,0,0,0,00,0,0,0,0,00,0,18,0,0,0,000000000,000000000
4,01,89606001,433132,01737,00,0,A,P,,491000,,005382,0,000000,002000,0,005385,0,00000000000,000000,,0.0,00000000000,202109,0,2,0,1,0,0,0,0,0,0,00,0,0,0,0,00,0,0,0,0,0,000000000,000000000
4,01,89606001,630651,01736,00,0,A,P,,491000,,005386,0,002000,001000,0,005388,0,00000000000,000000,,0.0,00000000000,202109,0,2,5,1,0,112,0,0,0,0,00,0,0,0,0,00,0,7,0,0,0,000000000,000000000
4,01,89606001,857150,01735,00,0,A,P,,491000,,005389,0,000000,002000,0,005391,0,00000000000,000000,,0.0,00000000000,202109,0,2,0,1,0,0,0,0,0,0,00,0,0,0,0,00,0,0,0,0,0,000000000,000000000
4,01,90739375,534219,02421,00,0,1,P,,507000,,005392,0,000000,012000,0,005403,0,00000000000,000046,,0.0,00000000000,202109,0,2,3,1,0,128,0,0,0,0,00,0,0,0,0,00,0,4,0,0,0,000000000,000000000
4,02,13648396,907297,02031,00,0,1,P,,255000,,005404,0,000000,002000,0,005405,0,00000000000,000000,,0.0,00000000000,202109,0,2,0,1,0,0,0,0,0,0,00,0,0,0,0,00,0,0,0,0,0,000000000,000000000
4,02,18765444,371616,03774,00,0,1,P,,297000,,005406,0,000000,003000,0,005408,0,00000000000,000000,,0.0,00000000000,202109,0,2,1,1,0,408,0,0,0,0,00,0,0,0,0,00,0,2,0,0,0,000000000,000000000
4,02,33890222,452996,03362,00,0,1,P,,239000,,005409,0,001000,001000,0,005410,0,00000000000,002626,,0.0,00000000000,202109,0,2,13,2,0,222,0,0,0,0,00,0,0,0,0,00,0,15,0,0,0,000000000,000000000
4,02,40957594,040128,03163,00,0,1,P,,057000,,005411,0,000000,003000,0,005413,0,00000000000,000000,,0.0,00000000000,202109,0,2,0,1,0,0,0,0,0,0,00,0,0,0,0,00,0,0,0,0,0,000000000,000000000
4,02,40957594,040128,04258,00,0,1,P,,057000,,005414,0,000000,002000,0,005415,0,00000000000,000000,,0.0,00000000000,202109,0,2,0,1,0,0,0,0,0,0,00,0,0,0,0,00,0,0,0,0,0,000000000,000000000
4,02,41835001,331425,00717,00,0,1,P,,255000,,005416,0,000000,003000,0,005418,0,00000000000,001350,,0.0,00000000000,202109,0,2,7,1,0,438,0,0,0,0,00,0,0,0,0,00,0,7,0,0,0,000000000,000000000
4,02,48146166,169313,00761,00,0,1,P,,297000,,005419,0,000000,002000,0,005420,0,00000000000,000000,LEASE MAY BE FORECAS THOUGH NO PROD. WELLS,0.0,00000000000,202109,0,2,0,1,0,0,0,0,0,0,00,0,0,0,0,00,0,0,0,0,0,000000000,000000000
4,02,51512646,386310,04763,00,0,1,P,,391000,,005421,0,001000,003000,0,005424,0,00000000000,001302,,0.0,00000000000,202109,0,2,15,1,0,999999999,0,0,0,0,00,0,0,0,0,00,0,12,0,0,1,000000000,000000000
4,02,51512902,833782,05957,00,0,1,P,,391000,,005425,1,000000,004000,0,005428,0,00000000000,000000,0000000000000000000000000000000000000000000000000000000,0.0,00000000000,202109,0,2,0,2,5,0,0,0,0,0,00,0,0,0,0,00,0,0,0,0,0,000000000,000000000
4,02,51512902,833782,08579,00,0,1,P,,391000,,005429,1,045009,044000,0,005528,0,00000000000,009011,0000000000000000000000000000000000000000000000000000000,0.0,00000000000,202109,0,2,476,1,0,999999999,0,0,0,0,00,0,0,0,0,00,0,584,0,0,1,000000000,000000000
4,02,58449001,452996,04778,00,0,1,X,,239000,,005529,1,005001,014000,0,005547,0,00000000000,006642,,0.0,00000000000,202109,0,2,65,1,7,999999999,0,0,0,0,00,0,0,0,0,00,0,75,0,0,0,000000000,000000000
4,02,59371629,013365,03432,00,0,1,P,,469000,,005548,0,021006,025000,0,005599,0,00000000000,127402,,0.0,00000000000,202109,0,2,357,1,0,2000,0,0,0,0,00,0,0,0,0,00,0,526,0,0,1,000000000,000000000
4,02,83750500,561136,11770,00,0,1,P,,297000,,005600,0,013006,003000,0,005621,0,00000000000,000889,"PER DKT 02-0320367, EFF 09-01-19",0.0,00000000000,202109,0,2,3096,1,0,3990,0,0,0,0,00,0,0,0,0,00,0,3096,0,0,0,000000000,000000000
4,02,90534312,386310,08874,00,0,1,P,,391000,,005622,0,000005,041000,0,005668,0,00000000000,000000,0000000000000000000000000000000000000000000000000000000,0.0,00000000000,202109,0,2,36,1,0,372,0,0,0,0,00,0,0,0,0,00,0,37,0,0,1,000000000,000000000
4,02,90534840,386310,07579,00,0,1,X,,391000,,005669,1,003000,005000,0,005676,0,00000000000,002588,,0.0,00000000000,202109,0,2,19,1,7,999999999,0,0,0,0,00,0,0,0,0,00,0,36,0,0,1,000000000,000000000
4,02,90534863,386310,05280,00,0,1,P,,391000,,005677,0,055021,128000,0,005905,0,00000000000,125106,,0.0,00000000000,202109,0,2,752,1,0,1519848,0,0,0,0,00,0,0,0,0,00,0,1210,0,0,1,000000000,000000000
4,02,96545351,013365,01637,00,0,1,S,,239000,,005906,0,000000,001000,0,005906,0,00000000000,000000,SEAL #3391 3397 FOR #4-L,0.0,00000000000,202109,0,2,0,2,5,0,0,0,0,0,00,0,0,0,0,00,0,0,0,0,0,000000000,000000000
4,02,96545351,386310,01640,00,0,1,P,,239000,,005907,0,001000,003000,0,005920,0,00000000000,008741,,0.0,00000000000,202109,0,2,55,1,0,999999999,0,0,0,0,00,0,0,0,0,00,0,62,0,0,1,000000000,000000000
4,02,96545351,386310,04196,00,0,1,P,,239000,,005921,0,000000,000000,0,005923,0,00000000000,000000,,0.0,00000000000,202109,0,2,0,2,5,0,0,0,0,0,00,0,0,0,0,00,0,0,0,0,0,000000000,000000000
4,02,96545481,386310,04052,00,0,1,P,,239000,,005924,0,000000,000000,0,005926,0,00000000000,000000,,0.0,00000000000,202109,0,2,0,1,0,0,0,0,0,0,00,0,0,0,0,00,0,0,0,0,0,000000000,000000000
4,02,96545663,013365,01674,00,0,1,P,,239000,,005927,1,000000,003000,0,005929,0,00000000000,003622,CAPACITY ALLOWABLE PER RAHMAN LTR 5/2/03,0.0,00000000000,202109,0,2,5,2,0,999999999,0,0,0,0,00,0,0,0,0,00,0,12,0,0,0,000000000,000000000
4,02,96545663,386310,01677,00,0,1,X,,239000,,005930,1,000000,000000,0,005938,0,00000000000,000000,CAPACITY EXEMPT PER DOCKET 02-0231882 8/13/02,0.0,00000000000,202109,0,2,0,2,5,0,0,0,0,0,00,0,0,0,0,00,0,0,0,0,0,000000000,000000000
4,02,96545691,386310,11296,00,0,1,P,,239000,,005939,1,086075,078000,0,006177,0,00000000000,445376,CREATED PER DOCKET#02-0299798,0.0,00000000000,202109,0,2,5526,1,0,999999999,0,0,0,0,00,0,0,0,0,00,0,5548,0,0,1,000000000,000000000
